ISO-10303-21;
HEADER;
FILE_DESCRIPTION(('FreeCAD Model'),'2;1');
FILE_NAME('Open CASCADE Shape Model','2026-09-10T15:53:46',('FreeCAD'),(
    'FreeCAD'),'Open CASCADE STEP processor 7.8','FreeCAD','Unknown');
FILE_SCHEMA(('AUTOMOTIVE_DESIGN { 1 0 10303 214 1 1 1 1 }'));
ENDSEC;
DATA;
#1 = APPLICATION_PROTOCOL_DEFINITION('international standard',
  'automotive_design',2000,#2);
#2 = APPLICATION_CONTEXT(
  'core data for automotive mechanical design processes');
#3 = SHAPE_DEFINITION_REPRESENTATION(#4,#10);
#4 = PRODUCT_DEFINITION_SHAPE('','',#5);
#5 = PRODUCT_DEFINITION('design','',#6,#9);
#6 = PRODUCT_DEFINITION_FORMATION('','',#7);
#7 = PRODUCT('Open CASCADE STEP translator 7.8 1',
  'Open CASCADE STEP translator 7.8 1','',(#8));
#8 = PRODUCT_CONTEXT('',#2,'mechanical');
#9 = PRODUCT_DEFINITION_CONTEXT('part definition',#2,'design');
#10 = ADVANCED_BREP_SHAPE_REPRESENTATION('',(#11,#15),#2547);
#11 = AXIS2_PLACEMENT_3D('',#12,#13,#14);
#12 = CARTESIAN_POINT('',(0.,0.,0.));
#13 = DIRECTION('',(0.,0.,1.));
#14 = DIRECTION('',(1.,0.,-0.));
#15 = MANIFOLD_SOLID_BREP('',#16);
#16 = CLOSED_SHELL('',(#17,#57,#88,#119,#150,#181,#212,#243,#274,#305,
    #336,#367,#398,#429,#460,#491,#522,#553,#584,#615,#646,#677,#708,
    #739,#770,#801,#832,#863,#894,#925,#956,#987,#1018,#1049,#1080,#1111
    ,#1142,#1173,#1204,#1235,#1266,#1297,#1328,#1359,#1390,#1421,#1452,
    #1483,#1514,#1545,#1576,#1607,#1638,#1669,#1700,#1731,#1762,#1793,
    #1824,#1855,#1886,#1917,#1948,#1979,#2010,#2041,#2072,#2103,#2134,
    #2165,#2196,#2227,#2258,#2289,#2320,#2342,#2375,#2461));
#17 = ADVANCED_FACE('',(#18),#52,.F.);
#18 = FACE_BOUND('',#19,.F.);
#19 = EDGE_LOOP('',(#20,#30,#38,#46));
#20 = ORIENTED_EDGE('',*,*,#21,.T.);
#21 = EDGE_CURVE('',#22,#24,#26,.T.);
#22 = VERTEX_POINT('',#23);
#23 = CARTESIAN_POINT('',(-80.,-34.,0.));
#24 = VERTEX_POINT('',#25);
#25 = CARTESIAN_POINT('',(-80.,-34.,0.4));
#26 = LINE('',#27,#28);
#27 = CARTESIAN_POINT('',(-80.,-34.,0.));
#28 = VECTOR('',#29,1.);
#29 = DIRECTION('',(0.,0.,1.));
#30 = ORIENTED_EDGE('',*,*,#31,.T.);
#31 = EDGE_CURVE('',#24,#32,#34,.T.);
#32 = VERTEX_POINT('',#33);
#33 = CARTESIAN_POINT('',(31.,-34.,0.4));
#34 = LINE('',#35,#36);
#35 = CARTESIAN_POINT('',(-80.,-34.,0.4));
#36 = VECTOR('',#37,1.);
#37 = DIRECTION('',(1.,0.,0.));
#38 = ORIENTED_EDGE('',*,*,#39,.F.);
#39 = EDGE_CURVE('',#40,#32,#42,.T.);
#40 = VERTEX_POINT('',#41);
#41 = CARTESIAN_POINT('',(31.,-34.,0.));
#42 = LINE('',#43,#44);
#43 = CARTESIAN_POINT('',(31.,-34.,0.));
#44 = VECTOR('',#45,1.);
#45 = DIRECTION('',(0.,0.,1.));
#46 = ORIENTED_EDGE('',*,*,#47,.F.);
#47 = EDGE_CURVE('',#22,#40,#48,.T.);
#48 = LINE('',#49,#50);
#49 = CARTESIAN_POINT('',(-80.,-34.,0.));
#50 = VECTOR('',#51,1.);
#51 = DIRECTION('',(1.,0.,0.));
#52 = PLANE('',#53);
#53 = AXIS2_PLACEMENT_3D('',#54,#55,#56);
#54 = CARTESIAN_POINT('',(-80.,-34.,0.));
#55 = DIRECTION('',(0.,1.,0.));
#56 = DIRECTION('',(1.,0.,0.));
#57 = ADVANCED_FACE('',(#58),#83,.F.);
#58 = FACE_BOUND('',#59,.F.);
#59 = EDGE_LOOP('',(#60,#70,#76,#77));
#60 = ORIENTED_EDGE('',*,*,#61,.T.);
#61 = EDGE_CURVE('',#62,#64,#66,.T.);
#62 = VERTEX_POINT('',#63);
#63 = CARTESIAN_POINT('',(-80.,34.,0.));
#64 = VERTEX_POINT('',#65);
#65 = CARTESIAN_POINT('',(-80.,34.,0.4));
#66 = LINE('',#67,#68);
#67 = CARTESIAN_POINT('',(-80.,34.,0.));
#68 = VECTOR('',#69,1.);
#69 = DIRECTION('',(0.,0.,1.));
#70 = ORIENTED_EDGE('',*,*,#71,.T.);
#71 = EDGE_CURVE('',#64,#24,#72,.T.);
#72 = LINE('',#73,#74);
#73 = CARTESIAN_POINT('',(-80.,34.,0.4));
#74 = VECTOR('',#75,1.);
#75 = DIRECTION('',(0.,-1.,0.));
#76 = ORIENTED_EDGE('',*,*,#21,.F.);
#77 = ORIENTED_EDGE('',*,*,#78,.F.);
#78 = EDGE_CURVE('',#62,#22,#79,.T.);
#79 = LINE('',#80,#81);
#80 = CARTESIAN_POINT('',(-80.,34.,0.));
#81 = VECTOR('',#82,1.);
#82 = DIRECTION('',(0.,-1.,0.));
#83 = PLANE('',#84);
#84 = AXIS2_PLACEMENT_3D('',#85,#86,#87);
#85 = CARTESIAN_POINT('',(-80.,34.,0.));
#86 = DIRECTION('',(1.,0.,0.));
#87 = DIRECTION('',(0.,-1.,0.));
#88 = ADVANCED_FACE('',(#89),#114,.F.);
#89 = FACE_BOUND('',#90,.F.);
#90 = EDGE_LOOP('',(#91,#92,#100,#108));
#91 = ORIENTED_EDGE('',*,*,#39,.T.);
#92 = ORIENTED_EDGE('',*,*,#93,.T.);
#93 = EDGE_CURVE('',#32,#94,#96,.T.);
#94 = VERTEX_POINT('',#95);
#95 = CARTESIAN_POINT('',(31.,-18.,0.4));
#96 = LINE('',#97,#98);
#97 = CARTESIAN_POINT('',(31.,-34.,0.4));
#98 = VECTOR('',#99,1.);
#99 = DIRECTION('',(0.,1.,0.));
#100 = ORIENTED_EDGE('',*,*,#101,.F.);
#101 = EDGE_CURVE('',#102,#94,#104,.T.);
#102 = VERTEX_POINT('',#103);
#103 = CARTESIAN_POINT('',(31.,-18.,0.));
#104 = LINE('',#105,#106);
#105 = CARTESIAN_POINT('',(31.,-18.,0.));
#106 = VECTOR('',#107,1.);
#107 = DIRECTION('',(0.,0.,1.));
#108 = ORIENTED_EDGE('',*,*,#109,.F.);
#109 = EDGE_CURVE('',#40,#102,#110,.T.);
#110 = LINE('',#111,#112);
#111 = CARTESIAN_POINT('',(31.,-34.,0.));
#112 = VECTOR('',#113,1.);
#113 = DIRECTION('',(0.,1.,0.));
#114 = PLANE('',#115);
#115 = AXIS2_PLACEMENT_3D('',#116,#117,#118);
#116 = CARTESIAN_POINT('',(31.,-34.,0.));
#117 = DIRECTION('',(-1.,0.,0.));
#118 = DIRECTION('',(0.,1.,0.));
#119 = ADVANCED_FACE('',(#120),#145,.F.);
#120 = FACE_BOUND('',#121,.F.);
#121 = EDGE_LOOP('',(#122,#132,#138,#139));
#122 = ORIENTED_EDGE('',*,*,#123,.T.);
#123 = EDGE_CURVE('',#124,#126,#128,.T.);
#124 = VERTEX_POINT('',#125);
#125 = CARTESIAN_POINT('',(31.,34.,0.));
#126 = VERTEX_POINT('',#127);
#127 = CARTESIAN_POINT('',(31.,34.,0.4));
#128 = LINE('',#129,#130);
#129 = CARTESIAN_POINT('',(31.,34.,0.));
#130 = VECTOR('',#131,1.);
#131 = DIRECTION('',(0.,0.,1.));
#132 = ORIENTED_EDGE('',*,*,#133,.T.);
#133 = EDGE_CURVE('',#126,#64,#134,.T.);
#134 = LINE('',#135,#136);
#135 = CARTESIAN_POINT('',(31.,34.,0.4));
#136 = VECTOR('',#137,1.);
#137 = DIRECTION('',(-1.,0.,0.));
#138 = ORIENTED_EDGE('',*,*,#61,.F.);
#139 = ORIENTED_EDGE('',*,*,#140,.F.);
#140 = EDGE_CURVE('',#124,#62,#141,.T.);
#141 = LINE('',#142,#143);
#142 = CARTESIAN_POINT('',(31.,34.,0.));
#143 = VECTOR('',#144,1.);
#144 = DIRECTION('',(-1.,0.,0.));
#145 = PLANE('',#146);
#146 = AXIS2_PLACEMENT_3D('',#147,#148,#149);
#147 = CARTESIAN_POINT('',(31.,34.,0.));
#148 = DIRECTION('',(0.,-1.,0.));
#149 = DIRECTION('',(-1.,0.,0.));
#150 = ADVANCED_FACE('',(#151),#176,.F.);
#151 = FACE_BOUND('',#152,.F.);
#152 = EDGE_LOOP('',(#153,#154,#162,#170));
#153 = ORIENTED_EDGE('',*,*,#101,.T.);
#154 = ORIENTED_EDGE('',*,*,#155,.T.);
#155 = EDGE_CURVE('',#94,#156,#158,.T.);
#156 = VERTEX_POINT('',#157);
#157 = CARTESIAN_POINT('',(20.,-18.,0.4));
#158 = LINE('',#159,#160);
#159 = CARTESIAN_POINT('',(31.,-18.,0.4));
#160 = VECTOR('',#161,1.);
#161 = DIRECTION('',(-1.,0.,0.));
#162 = ORIENTED_EDGE('',*,*,#163,.F.);
#163 = EDGE_CURVE('',#164,#156,#166,.T.);
#164 = VERTEX_POINT('',#165);
#165 = CARTESIAN_POINT('',(20.,-18.,0.));
#166 = LINE('',#167,#168);
#167 = CARTESIAN_POINT('',(20.,-18.,0.));
#168 = VECTOR('',#169,1.);
#169 = DIRECTION('',(0.,0.,1.));
#170 = ORIENTED_EDGE('',*,*,#171,.F.);
#171 = EDGE_CURVE('',#102,#164,#172,.T.);
#172 = LINE('',#173,#174);
#173 = CARTESIAN_POINT('',(31.,-18.,0.));
#174 = VECTOR('',#175,1.);
#175 = DIRECTION('',(-1.,0.,0.));
#176 = PLANE('',#177);
#177 = AXIS2_PLACEMENT_3D('',#178,#179,#180);
#178 = CARTESIAN_POINT('',(31.,-18.,0.));
#179 = DIRECTION('',(0.,-1.,0.));
#180 = DIRECTION('',(-1.,0.,0.));
#181 = ADVANCED_FACE('',(#182),#207,.F.);
#182 = FACE_BOUND('',#183,.F.);
#183 = EDGE_LOOP('',(#184,#194,#200,#201));
#184 = ORIENTED_EDGE('',*,*,#185,.T.);
#185 = EDGE_CURVE('',#186,#188,#190,.T.);
#186 = VERTEX_POINT('',#187);
#187 = CARTESIAN_POINT('',(31.,18.,0.));
#188 = VERTEX_POINT('',#189);
#189 = CARTESIAN_POINT('',(31.,18.,0.4));
#190 = LINE('',#191,#192);
#191 = CARTESIAN_POINT('',(31.,18.,0.));
#192 = VECTOR('',#193,1.);
#193 = DIRECTION('',(0.,0.,1.));
#194 = ORIENTED_EDGE('',*,*,#195,.T.);
#195 = EDGE_CURVE('',#188,#126,#196,.T.);
#196 = LINE('',#197,#198);
#197 = CARTESIAN_POINT('',(31.,18.,0.4));
#198 = VECTOR('',#199,1.);
#199 = DIRECTION('',(0.,1.,0.));
#200 = ORIENTED_EDGE('',*,*,#123,.F.);
#201 = ORIENTED_EDGE('',*,*,#202,.F.);
#202 = EDGE_CURVE('',#186,#124,#203,.T.);
#203 = LINE('',#204,#205);
#204 = CARTESIAN_POINT('',(31.,18.,0.));
#205 = VECTOR('',#206,1.);
#206 = DIRECTION('',(0.,1.,0.));
#207 = PLANE('',#208);
#208 = AXIS2_PLACEMENT_3D('',#209,#210,#211);
#209 = CARTESIAN_POINT('',(31.,18.,0.));
#210 = DIRECTION('',(-1.,0.,0.));
#211 = DIRECTION('',(0.,1.,0.));
#212 = ADVANCED_FACE('',(#213),#238,.F.);
#213 = FACE_BOUND('',#214,.F.);
#214 = EDGE_LOOP('',(#215,#216,#224,#232));
#215 = ORIENTED_EDGE('',*,*,#163,.T.);
#216 = ORIENTED_EDGE('',*,*,#217,.T.);
#217 = EDGE_CURVE('',#156,#218,#220,.T.);
#218 = VERTEX_POINT('',#219);
#219 = CARTESIAN_POINT('',(16.,-16.,0.4));
#220 = LINE('',#221,#222);
#221 = CARTESIAN_POINT('',(20.,-18.,0.4));
#222 = VECTOR('',#223,1.);
#223 = DIRECTION('',(-0.894427191,0.4472135955,0.));
#224 = ORIENTED_EDGE('',*,*,#225,.F.);
#225 = EDGE_CURVE('',#226,#218,#228,.T.);
#226 = VERTEX_POINT('',#227);
#227 = CARTESIAN_POINT('',(16.,-16.,0.));
#228 = LINE('',#229,#230);
#229 = CARTESIAN_POINT('',(16.,-16.,0.));
#230 = VECTOR('',#231,1.);
#231 = DIRECTION('',(0.,0.,1.));
#232 = ORIENTED_EDGE('',*,*,#233,.F.);
#233 = EDGE_CURVE('',#164,#226,#234,.T.);
#234 = LINE('',#235,#236);
#235 = CARTESIAN_POINT('',(20.,-18.,0.));
#236 = VECTOR('',#237,1.);
#237 = DIRECTION('',(-0.894427191,0.4472135955,0.));
#238 = PLANE('',#239);
#239 = AXIS2_PLACEMENT_3D('',#240,#241,#242);
#240 = CARTESIAN_POINT('',(20.,-18.,0.));
#241 = DIRECTION('',(-0.4472135955,-0.894427191,0.));
#242 = DIRECTION('',(-0.894427191,0.4472135955,0.));
#243 = ADVANCED_FACE('',(#244),#269,.F.);
#244 = FACE_BOUND('',#245,.F.);
#245 = EDGE_LOOP('',(#246,#256,#262,#263));
#246 = ORIENTED_EDGE('',*,*,#247,.T.);
#247 = EDGE_CURVE('',#248,#250,#252,.T.);
#248 = VERTEX_POINT('',#249);
#249 = CARTESIAN_POINT('',(20.,18.,0.));
#250 = VERTEX_POINT('',#251);
#251 = CARTESIAN_POINT('',(20.,18.,0.4));
#252 = LINE('',#253,#254);
#253 = CARTESIAN_POINT('',(20.,18.,0.));
#254 = VECTOR('',#255,1.);
#255 = DIRECTION('',(0.,0.,1.));
#256 = ORIENTED_EDGE('',*,*,#257,.T.);
#257 = EDGE_CURVE('',#250,#188,#258,.T.);
#258 = LINE('',#259,#260);
#259 = CARTESIAN_POINT('',(20.,18.,0.4));
#260 = VECTOR('',#261,1.);
#261 = DIRECTION('',(1.,0.,0.));
#262 = ORIENTED_EDGE('',*,*,#185,.F.);
#263 = ORIENTED_EDGE('',*,*,#264,.F.);
#264 = EDGE_CURVE('',#248,#186,#265,.T.);
#265 = LINE('',#266,#267);
#266 = CARTESIAN_POINT('',(20.,18.,0.));
#267 = VECTOR('',#268,1.);
#268 = DIRECTION('',(1.,0.,0.));
#269 = PLANE('',#270);
#270 = AXIS2_PLACEMENT_3D('',#271,#272,#273);
#271 = CARTESIAN_POINT('',(20.,18.,0.));
#272 = DIRECTION('',(0.,1.,0.));
#273 = DIRECTION('',(1.,0.,0.));
#274 = ADVANCED_FACE('',(#275),#300,.F.);
#275 = FACE_BOUND('',#276,.F.);
#276 = EDGE_LOOP('',(#277,#278,#286,#294));
#277 = ORIENTED_EDGE('',*,*,#225,.T.);
#278 = ORIENTED_EDGE('',*,*,#279,.T.);
#279 = EDGE_CURVE('',#218,#280,#282,.T.);
#280 = VERTEX_POINT('',#281);
#281 = CARTESIAN_POINT('',(14.142135623731,-14.14213562373,0.4));
#282 = LINE('',#283,#284);
#283 = CARTESIAN_POINT('',(16.,-16.,0.4));
#284 = VECTOR('',#285,1.);
#285 = DIRECTION('',(-0.707106781187,0.707106781187,0.));
#286 = ORIENTED_EDGE('',*,*,#287,.F.);
#287 = EDGE_CURVE('',#288,#280,#290,.T.);
#288 = VERTEX_POINT('',#289);
#289 = CARTESIAN_POINT('',(14.142135623731,-14.14213562373,0.));
#290 = LINE('',#291,#292);
#291 = CARTESIAN_POINT('',(14.142135623731,-14.14213562373,0.));
#292 = VECTOR('',#293,1.);
#293 = DIRECTION('',(0.,0.,1.));
#294 = ORIENTED_EDGE('',*,*,#295,.F.);
#295 = EDGE_CURVE('',#226,#288,#296,.T.);
#296 = LINE('',#297,#298);
#297 = CARTESIAN_POINT('',(16.,-16.,0.));
#298 = VECTOR('',#299,1.);
#299 = DIRECTION('',(-0.707106781187,0.707106781187,0.));
#300 = PLANE('',#301);
#301 = AXIS2_PLACEMENT_3D('',#302,#303,#304);
#302 = CARTESIAN_POINT('',(16.,-16.,0.));
#303 = DIRECTION('',(-0.707106781187,-0.707106781187,0.));
#304 = DIRECTION('',(-0.707106781187,0.707106781187,0.));
#305 = ADVANCED_FACE('',(#306),#331,.F.);
#306 = FACE_BOUND('',#307,.F.);
#307 = EDGE_LOOP('',(#308,#318,#324,#325));
#308 = ORIENTED_EDGE('',*,*,#309,.T.);
#309 = EDGE_CURVE('',#310,#312,#314,.T.);
#310 = VERTEX_POINT('',#311);
#311 = CARTESIAN_POINT('',(16.,16.,0.));
#312 = VERTEX_POINT('',#313);
#313 = CARTESIAN_POINT('',(16.,16.,0.4));
#314 = LINE('',#315,#316);
#315 = CARTESIAN_POINT('',(16.,16.,0.));
#316 = VECTOR('',#317,1.);
#317 = DIRECTION('',(0.,0.,1.));
#318 = ORIENTED_EDGE('',*,*,#319,.T.);
#319 = EDGE_CURVE('',#312,#250,#320,.T.);
#320 = LINE('',#321,#322);
#321 = CARTESIAN_POINT('',(16.,16.,0.4));
#322 = VECTOR('',#323,1.);
#323 = DIRECTION('',(0.894427191,0.4472135955,0.));
#324 = ORIENTED_EDGE('',*,*,#247,.F.);
#325 = ORIENTED_EDGE('',*,*,#326,.F.);
#326 = EDGE_CURVE('',#310,#248,#327,.T.);
#327 = LINE('',#328,#329);
#328 = CARTESIAN_POINT('',(16.,16.,0.));
#329 = VECTOR('',#330,1.);
#330 = DIRECTION('',(0.894427191,0.4472135955,0.));
#331 = PLANE('',#332);
#332 = AXIS2_PLACEMENT_3D('',#333,#334,#335);
#333 = CARTESIAN_POINT('',(16.,16.,0.));
#334 = DIRECTION('',(-0.4472135955,0.894427191,0.));
#335 = DIRECTION('',(0.894427191,0.4472135955,0.));
#336 = ADVANCED_FACE('',(#337),#362,.F.);
#337 = FACE_BOUND('',#338,.F.);
#338 = EDGE_LOOP('',(#339,#340,#348,#356));
#339 = ORIENTED_EDGE('',*,*,#287,.T.);
#340 = ORIENTED_EDGE('',*,*,#341,.T.);
#341 = EDGE_CURVE('',#280,#342,#344,.T.);
#342 = VERTEX_POINT('',#343);
#343 = CARTESIAN_POINT('',(14.484941659029,-13.79081089474,0.4));
#344 = LINE('',#345,#346);
#345 = CARTESIAN_POINT('',(14.142135623731,-14.14213562373,0.4));
#346 = VECTOR('',#347,1.);
#347 = DIRECTION('',(0.698376249409,0.715730825284,0.));
#348 = ORIENTED_EDGE('',*,*,#349,.F.);
#349 = EDGE_CURVE('',#350,#342,#352,.T.);
#350 = VERTEX_POINT('',#351);
#351 = CARTESIAN_POINT('',(14.484941659029,-13.79081089474,0.));
#352 = LINE('',#353,#354);
#353 = CARTESIAN_POINT('',(14.484941659029,-13.79081089474,0.));
#354 = VECTOR('',#355,1.);
#355 = DIRECTION('',(0.,0.,1.));
#356 = ORIENTED_EDGE('',*,*,#357,.F.);
#357 = EDGE_CURVE('',#288,#350,#358,.T.);
#358 = LINE('',#359,#360);
#359 = CARTESIAN_POINT('',(14.142135623731,-14.14213562373,0.));
#360 = VECTOR('',#361,1.);
#361 = DIRECTION('',(0.698376249409,0.715730825284,0.));
#362 = PLANE('',#363);
#363 = AXIS2_PLACEMENT_3D('',#364,#365,#366);
#364 = CARTESIAN_POINT('',(14.142135623731,-14.14213562373,0.));
#365 = DIRECTION('',(-0.715730825284,0.698376249409,0.));
#366 = DIRECTION('',(0.698376249409,0.715730825284,0.));
#367 = ADVANCED_FACE('',(#368),#393,.F.);
#368 = FACE_BOUND('',#369,.F.);
#369 = EDGE_LOOP('',(#370,#380,#386,#387));
#370 = ORIENTED_EDGE('',*,*,#371,.T.);
#371 = EDGE_CURVE('',#372,#374,#376,.T.);
#372 = VERTEX_POINT('',#373);
#373 = CARTESIAN_POINT('',(14.142135623731,14.142135623731,0.));
#374 = VERTEX_POINT('',#375);
#375 = CARTESIAN_POINT('',(14.142135623731,14.142135623731,0.4));
#376 = LINE('',#377,#378);
#377 = CARTESIAN_POINT('',(14.142135623731,14.142135623731,0.));
#378 = VECTOR('',#379,1.);
#379 = DIRECTION('',(0.,0.,1.));
#380 = ORIENTED_EDGE('',*,*,#381,.T.);
#381 = EDGE_CURVE('',#374,#312,#382,.T.);
#382 = LINE('',#383,#384);
#383 = CARTESIAN_POINT('',(14.142135623731,14.142135623731,0.4));
#384 = VECTOR('',#385,1.);
#385 = DIRECTION('',(0.707106781187,0.707106781187,0.));
#386 = ORIENTED_EDGE('',*,*,#309,.F.);
#387 = ORIENTED_EDGE('',*,*,#388,.F.);
#388 = EDGE_CURVE('',#372,#310,#389,.T.);
#389 = LINE('',#390,#391);
#390 = CARTESIAN_POINT('',(14.142135623731,14.142135623731,0.));
#391 = VECTOR('',#392,1.);
#392 = DIRECTION('',(0.707106781187,0.707106781187,0.));
#393 = PLANE('',#394);
#394 = AXIS2_PLACEMENT_3D('',#395,#396,#397);
#395 = CARTESIAN_POINT('',(14.142135623731,14.142135623731,0.));
#396 = DIRECTION('',(-0.707106781187,0.707106781187,0.));
#397 = DIRECTION('',(0.707106781187,0.707106781187,0.));
#398 = ADVANCED_FACE('',(#399),#424,.F.);
#399 = FACE_BOUND('',#400,.F.);
#400 = EDGE_LOOP('',(#401,#402,#410,#418));
#401 = ORIENTED_EDGE('',*,*,#349,.T.);
#402 = ORIENTED_EDGE('',*,*,#403,.T.);
#403 = EDGE_CURVE('',#342,#404,#406,.T.);
#404 = VERTEX_POINT('',#405);
#405 = CARTESIAN_POINT('',(14.819022507099,-13.43117909694,0.4));
#406 = LINE('',#407,#408);
#407 = CARTESIAN_POINT('',(14.484941659029,-13.79081089474,0.4));
#408 = VECTOR('',#409,1.);
#409 = DIRECTION('',(0.680600997795,0.732654271672,0.));
#410 = ORIENTED_EDGE('',*,*,#411,.F.);
#411 = EDGE_CURVE('',#412,#404,#414,.T.);
#412 = VERTEX_POINT('',#413);
#413 = CARTESIAN_POINT('',(14.819022507099,-13.43117909694,0.));
#414 = LINE('',#415,#416);
#415 = CARTESIAN_POINT('',(14.819022507099,-13.43117909694,0.));
#416 = VECTOR('',#417,1.);
#417 = DIRECTION('',(0.,0.,1.));
#418 = ORIENTED_EDGE('',*,*,#419,.F.);
#419 = EDGE_CURVE('',#350,#412,#420,.T.);
#420 = LINE('',#421,#422);
#421 = CARTESIAN_POINT('',(14.484941659029,-13.79081089474,0.));
#422 = VECTOR('',#423,1.);
#423 = DIRECTION('',(0.680600997795,0.732654271672,0.));
#424 = PLANE('',#425);
#425 = AXIS2_PLACEMENT_3D('',#426,#427,#428);
#426 = CARTESIAN_POINT('',(14.484941659029,-13.79081089474,0.));
#427 = DIRECTION('',(-0.732654271672,0.680600997795,0.));
#428 = DIRECTION('',(0.680600997795,0.732654271672,0.));
#429 = ADVANCED_FACE('',(#430),#455,.F.);
#430 = FACE_BOUND('',#431,.F.);
#431 = EDGE_LOOP('',(#432,#442,#448,#449));
#432 = ORIENTED_EDGE('',*,*,#433,.T.);
#433 = EDGE_CURVE('',#434,#436,#438,.T.);
#434 = VERTEX_POINT('',#435);
#435 = CARTESIAN_POINT('',(14.484941659029,13.790810894741,0.));
#436 = VERTEX_POINT('',#437);
#437 = CARTESIAN_POINT('',(14.484941659029,13.790810894741,0.4));
#438 = LINE('',#439,#440);
#439 = CARTESIAN_POINT('',(14.484941659029,13.790810894741,0.));
#440 = VECTOR('',#441,1.);
#441 = DIRECTION('',(0.,0.,1.));
#442 = ORIENTED_EDGE('',*,*,#443,.T.);
#443 = EDGE_CURVE('',#436,#374,#444,.T.);
#444 = LINE('',#445,#446);
#445 = CARTESIAN_POINT('',(14.484941659029,13.790810894741,0.4));
#446 = VECTOR('',#447,1.);
#447 = DIRECTION('',(-0.698376249409,0.715730825284,0.));
#448 = ORIENTED_EDGE('',*,*,#371,.F.);
#449 = ORIENTED_EDGE('',*,*,#450,.F.);
#450 = EDGE_CURVE('',#434,#372,#451,.T.);
#451 = LINE('',#452,#453);
#452 = CARTESIAN_POINT('',(14.484941659029,13.790810894741,0.));
#453 = VECTOR('',#454,1.);
#454 = DIRECTION('',(-0.698376249409,0.715730825284,0.));
#455 = PLANE('',#456);
#456 = AXIS2_PLACEMENT_3D('',#457,#458,#459);
#457 = CARTESIAN_POINT('',(14.484941659029,13.790810894741,0.));
#458 = DIRECTION('',(-0.715730825284,-0.698376249409,0.));
#459 = DIRECTION('',(-0.698376249409,0.715730825284,0.));
#460 = ADVANCED_FACE('',(#461),#486,.F.);
#461 = FACE_BOUND('',#462,.F.);
#462 = EDGE_LOOP('',(#463,#464,#472,#480));
#463 = ORIENTED_EDGE('',*,*,#411,.T.);
#464 = ORIENTED_EDGE('',*,*,#465,.T.);
#465 = EDGE_CURVE('',#404,#466,#468,.T.);
#466 = VERTEX_POINT('',#467);
#467 = CARTESIAN_POINT('',(15.14417693013,-13.06345685907,0.4));
#468 = LINE('',#469,#470);
#469 = CARTESIAN_POINT('',(14.819022507099,-13.43117909694,0.4));
#470 = VECTOR('',#471,1.);
#471 = DIRECTION('',(0.66241577759,0.749136394523,0.));
#472 = ORIENTED_EDGE('',*,*,#473,.F.);
#473 = EDGE_CURVE('',#474,#466,#476,.T.);
#474 = VERTEX_POINT('',#475);
#475 = CARTESIAN_POINT('',(15.14417693013,-13.06345685907,0.));
#476 = LINE('',#477,#478);
#477 = CARTESIAN_POINT('',(15.14417693013,-13.06345685907,0.));
#478 = VECTOR('',#479,1.);
#479 = DIRECTION('',(0.,0.,1.));
#480 = ORIENTED_EDGE('',*,*,#481,.F.);
#481 = EDGE_CURVE('',#412,#474,#482,.T.);
#482 = LINE('',#483,#484);
#483 = CARTESIAN_POINT('',(14.819022507099,-13.43117909694,0.));
#484 = VECTOR('',#485,1.);
#485 = DIRECTION('',(0.66241577759,0.749136394523,0.));
#486 = PLANE('',#487);
#487 = AXIS2_PLACEMENT_3D('',#488,#489,#490);
#488 = CARTESIAN_POINT('',(14.819022507099,-13.43117909694,0.));
#489 = DIRECTION('',(-0.749136394523,0.66241577759,0.));
#490 = DIRECTION('',(0.66241577759,0.749136394523,0.));
#491 = ADVANCED_FACE('',(#492),#517,.F.);
#492 = FACE_BOUND('',#493,.F.);
#493 = EDGE_LOOP('',(#494,#504,#510,#511));
#494 = ORIENTED_EDGE('',*,*,#495,.T.);
#495 = EDGE_CURVE('',#496,#498,#500,.T.);
#496 = VERTEX_POINT('',#497);
#497 = CARTESIAN_POINT('',(14.819022507099,13.43117909694,0.));
#498 = VERTEX_POINT('',#499);
#499 = CARTESIAN_POINT('',(14.819022507099,13.43117909694,0.4));
#500 = LINE('',#501,#502);
#501 = CARTESIAN_POINT('',(14.819022507099,13.43117909694,0.));
#502 = VECTOR('',#503,1.);
#503 = DIRECTION('',(0.,0.,1.));
#504 = ORIENTED_EDGE('',*,*,#505,.T.);
#505 = EDGE_CURVE('',#498,#436,#506,.T.);
#506 = LINE('',#507,#508);
#507 = CARTESIAN_POINT('',(14.819022507099,13.43117909694,0.4));
#508 = VECTOR('',#509,1.);
#509 = DIRECTION('',(-0.680600997795,0.732654271672,0.));
#510 = ORIENTED_EDGE('',*,*,#433,.F.);
#511 = ORIENTED_EDGE('',*,*,#512,.F.);
#512 = EDGE_CURVE('',#496,#434,#513,.T.);
#513 = LINE('',#514,#515);
#514 = CARTESIAN_POINT('',(14.819022507099,13.43117909694,0.));
#515 = VECTOR('',#516,1.);
#516 = DIRECTION('',(-0.680600997795,0.732654271672,0.));
#517 = PLANE('',#518);
#518 = AXIS2_PLACEMENT_3D('',#519,#520,#521);
#519 = CARTESIAN_POINT('',(14.819022507099,13.43117909694,0.));
#520 = DIRECTION('',(-0.732654271672,-0.680600997795,0.));
#521 = DIRECTION('',(-0.680600997795,0.732654271672,0.));
#522 = ADVANCED_FACE('',(#523),#548,.F.);
#523 = FACE_BOUND('',#524,.F.);
#524 = EDGE_LOOP('',(#525,#526,#534,#542));
#525 = ORIENTED_EDGE('',*,*,#473,.T.);
#526 = ORIENTED_EDGE('',*,*,#527,.T.);
#527 = EDGE_CURVE('',#466,#528,#530,.T.);
#528 = VERTEX_POINT('',#529);
#529 = CARTESIAN_POINT('',(15.460209067255,-12.68786568327,0.4));
#530 = LINE('',#531,#532);
#531 = CARTESIAN_POINT('',(15.14417693013,-13.06345685907,0.4));
#532 = VECTOR('',#533,1.);
#533 = DIRECTION('',(0.64383154289,0.765167265622,0.));
#534 = ORIENTED_EDGE('',*,*,#535,.F.);
#535 = EDGE_CURVE('',#536,#528,#538,.T.);
#536 = VERTEX_POINT('',#537);
#537 = CARTESIAN_POINT('',(15.460209067255,-12.68786568327,0.));
#538 = LINE('',#539,#540);
#539 = CARTESIAN_POINT('',(15.460209067255,-12.68786568327,0.));
#540 = VECTOR('',#541,1.);
#541 = DIRECTION('',(0.,0.,1.));
#542 = ORIENTED_EDGE('',*,*,#543,.F.);
#543 = EDGE_CURVE('',#474,#536,#544,.T.);
#544 = LINE('',#545,#546);
#545 = CARTESIAN_POINT('',(15.14417693013,-13.06345685907,0.));
#546 = VECTOR('',#547,1.);
#547 = DIRECTION('',(0.64383154289,0.765167265622,0.));
#548 = PLANE('',#549);
#549 = AXIS2_PLACEMENT_3D('',#550,#551,#552);
#550 = CARTESIAN_POINT('',(15.14417693013,-13.06345685907,0.));
#551 = DIRECTION('',(-0.765167265622,0.64383154289,0.));
#552 = DIRECTION('',(0.64383154289,0.765167265622,0.));
#553 = ADVANCED_FACE('',(#554),#579,.F.);
#554 = FACE_BOUND('',#555,.F.);
#555 = EDGE_LOOP('',(#556,#566,#572,#573));
#556 = ORIENTED_EDGE('',*,*,#557,.T.);
#557 = EDGE_CURVE('',#558,#560,#562,.T.);
#558 = VERTEX_POINT('',#559);
#559 = CARTESIAN_POINT('',(15.14417693013,13.063456859076,0.));
#560 = VERTEX_POINT('',#561);
#561 = CARTESIAN_POINT('',(15.14417693013,13.063456859076,0.4));
#562 = LINE('',#563,#564);
#563 = CARTESIAN_POINT('',(15.14417693013,13.063456859076,0.));
#564 = VECTOR('',#565,1.);
#565 = DIRECTION('',(0.,0.,1.));
#566 = ORIENTED_EDGE('',*,*,#567,.T.);
#567 = EDGE_CURVE('',#560,#498,#568,.T.);
#568 = LINE('',#569,#570);
#569 = CARTESIAN_POINT('',(15.14417693013,13.063456859076,0.4));
#570 = VECTOR('',#571,1.);
#571 = DIRECTION('',(-0.66241577759,0.749136394523,0.));
#572 = ORIENTED_EDGE('',*,*,#495,.F.);
#573 = ORIENTED_EDGE('',*,*,#574,.F.);
#574 = EDGE_CURVE('',#558,#496,#575,.T.);
#575 = LINE('',#576,#577);
#576 = CARTESIAN_POINT('',(15.14417693013,13.063456859076,0.));
#577 = VECTOR('',#578,1.);
#578 = DIRECTION('',(-0.66241577759,0.749136394523,0.));
#579 = PLANE('',#580);
#580 = AXIS2_PLACEMENT_3D('',#581,#582,#583);
#581 = CARTESIAN_POINT('',(15.14417693013,13.063456859076,0.));
#582 = DIRECTION('',(-0.749136394523,-0.66241577759,0.));
#583 = DIRECTION('',(-0.66241577759,0.749136394523,0.));
#584 = ADVANCED_FACE('',(#585),#610,.F.);
#585 = FACE_BOUND('',#586,.F.);
#586 = EDGE_LOOP('',(#587,#588,#596,#604));
#587 = ORIENTED_EDGE('',*,*,#535,.T.);
#588 = ORIENTED_EDGE('',*,*,#589,.T.);
#589 = EDGE_CURVE('',#528,#590,#592,.T.);
#590 = VERTEX_POINT('',#591);
#591 = CARTESIAN_POINT('',(15.766928552532,-12.30463181161,0.4));
#592 = LINE('',#593,#594);
#593 = CARTESIAN_POINT('',(15.460209067255,-12.68786568327,0.4));
#594 = VECTOR('',#595,1.);
#595 = DIRECTION('',(0.624859488142,0.780737228572,0.));
#596 = ORIENTED_EDGE('',*,*,#597,.F.);
#597 = EDGE_CURVE('',#598,#590,#600,.T.);
#598 = VERTEX_POINT('',#599);
#599 = CARTESIAN_POINT('',(15.766928552532,-12.30463181161,0.));
#600 = LINE('',#601,#602);
#601 = CARTESIAN_POINT('',(15.766928552532,-12.30463181161,0.));
#602 = VECTOR('',#603,1.);
#603 = DIRECTION('',(0.,0.,1.));
#604 = ORIENTED_EDGE('',*,*,#605,.F.);
#605 = EDGE_CURVE('',#536,#598,#606,.T.);
#606 = LINE('',#607,#608);
#607 = CARTESIAN_POINT('',(15.460209067255,-12.68786568327,0.));
#608 = VECTOR('',#609,1.);
#609 = DIRECTION('',(0.624859488142,0.780737228572,0.));
#610 = PLANE('',#611);
#611 = AXIS2_PLACEMENT_3D('',#612,#613,#614);
#612 = CARTESIAN_POINT('',(15.460209067255,-12.68786568327,0.));
#613 = DIRECTION('',(-0.780737228572,0.624859488142,0.));
#614 = DIRECTION('',(0.624859488142,0.780737228572,0.));
#615 = ADVANCED_FACE('',(#616),#641,.F.);
#616 = FACE_BOUND('',#617,.F.);
#617 = EDGE_LOOP('',(#618,#628,#634,#635));
#618 = ORIENTED_EDGE('',*,*,#619,.T.);
#619 = EDGE_CURVE('',#620,#622,#624,.T.);
#620 = VERTEX_POINT('',#621);
#621 = CARTESIAN_POINT('',(15.460209067255,12.687865683273,0.));
#622 = VERTEX_POINT('',#623);
#623 = CARTESIAN_POINT('',(15.460209067255,12.687865683273,0.4));
#624 = LINE('',#625,#626);
#625 = CARTESIAN_POINT('',(15.460209067255,12.687865683273,0.));
#626 = VECTOR('',#627,1.);
#627 = DIRECTION('',(0.,0.,1.));
#628 = ORIENTED_EDGE('',*,*,#629,.T.);
#629 = EDGE_CURVE('',#622,#560,#630,.T.);
#630 = LINE('',#631,#632);
#631 = CARTESIAN_POINT('',(15.460209067255,12.687865683273,0.4));
#632 = VECTOR('',#633,1.);
#633 = DIRECTION('',(-0.64383154289,0.765167265622,0.));
#634 = ORIENTED_EDGE('',*,*,#557,.F.);
#635 = ORIENTED_EDGE('',*,*,#636,.F.);
#636 = EDGE_CURVE('',#620,#558,#637,.T.);
#637 = LINE('',#638,#639);
#638 = CARTESIAN_POINT('',(15.460209067255,12.687865683273,0.));
#639 = VECTOR('',#640,1.);
#640 = DIRECTION('',(-0.64383154289,0.765167265622,0.));
#641 = PLANE('',#642);
#642 = AXIS2_PLACEMENT_3D('',#643,#644,#645);
#643 = CARTESIAN_POINT('',(15.460209067255,12.687865683273,0.));
#644 = DIRECTION('',(-0.765167265622,-0.64383154289,0.));
#645 = DIRECTION('',(-0.64383154289,0.765167265622,0.));
#646 = ADVANCED_FACE('',(#647),#672,.F.);
#647 = FACE_BOUND('',#648,.F.);
#648 = EDGE_LOOP('',(#649,#650,#658,#666));
#649 = ORIENTED_EDGE('',*,*,#597,.T.);
#650 = ORIENTED_EDGE('',*,*,#651,.T.);
#651 = EDGE_CURVE('',#590,#652,#654,.T.);
#652 = VERTEX_POINT('',#653);
#653 = CARTESIAN_POINT('',(16.064150629613,-11.91398608984,0.4));
#654 = LINE('',#655,#656);
#655 = CARTESIAN_POINT('',(15.766928552532,-12.30463181161,0.4));
#656 = VECTOR('',#657,1.);
#657 = DIRECTION('',(0.605511041404,0.795836904609,0.));
#658 = ORIENTED_EDGE('',*,*,#659,.F.);
#659 = EDGE_CURVE('',#660,#652,#662,.T.);
#660 = VERTEX_POINT('',#661);
#661 = CARTESIAN_POINT('',(16.064150629613,-11.91398608984,0.));
#662 = LINE('',#663,#664);
#663 = CARTESIAN_POINT('',(16.064150629613,-11.91398608984,0.));
#664 = VECTOR('',#665,1.);
#665 = DIRECTION('',(0.,0.,1.));
#666 = ORIENTED_EDGE('',*,*,#667,.F.);
#667 = EDGE_CURVE('',#598,#660,#668,.T.);
#668 = LINE('',#669,#670);
#669 = CARTESIAN_POINT('',(15.766928552532,-12.30463181161,0.));
#670 = VECTOR('',#671,1.);
#671 = DIRECTION('',(0.605511041404,0.795836904609,0.));
#672 = PLANE('',#673);
#673 = AXIS2_PLACEMENT_3D('',#674,#675,#676);
#674 = CARTESIAN_POINT('',(15.766928552532,-12.30463181161,0.));
#675 = DIRECTION('',(-0.795836904609,0.605511041404,0.));
#676 = DIRECTION('',(0.605511041404,0.795836904609,0.));
#677 = ADVANCED_FACE('',(#678),#703,.F.);
#678 = FACE_BOUND('',#679,.F.);
#679 = EDGE_LOOP('',(#680,#690,#696,#697));
#680 = ORIENTED_EDGE('',*,*,#681,.T.);
#681 = EDGE_CURVE('',#682,#684,#686,.T.);
#682 = VERTEX_POINT('',#683);
#683 = CARTESIAN_POINT('',(15.766928552532,12.304631811613,0.));
#684 = VERTEX_POINT('',#685);
#685 = CARTESIAN_POINT('',(15.766928552532,12.304631811613,0.4));
#686 = LINE('',#687,#688);
#687 = CARTESIAN_POINT('',(15.766928552532,12.304631811613,0.));
#688 = VECTOR('',#689,1.);
#689 = DIRECTION('',(0.,0.,1.));
#690 = ORIENTED_EDGE('',*,*,#691,.T.);
#691 = EDGE_CURVE('',#684,#622,#692,.T.);
#692 = LINE('',#693,#694);
#693 = CARTESIAN_POINT('',(15.766928552532,12.304631811613,0.4));
#694 = VECTOR('',#695,1.);
#695 = DIRECTION('',(-0.624859488142,0.780737228572,0.));
#696 = ORIENTED_EDGE('',*,*,#619,.F.);
#697 = ORIENTED_EDGE('',*,*,#698,.F.);
#698 = EDGE_CURVE('',#682,#620,#699,.T.);
#699 = LINE('',#700,#701);
#700 = CARTESIAN_POINT('',(15.766928552532,12.304631811613,0.));
#701 = VECTOR('',#702,1.);
#702 = DIRECTION('',(-0.624859488142,0.780737228572,0.));
#703 = PLANE('',#704);
#704 = AXIS2_PLACEMENT_3D('',#705,#706,#707);
#705 = CARTESIAN_POINT('',(15.766928552532,12.304631811613,0.));
#706 = DIRECTION('',(-0.780737228572,-0.624859488142,0.));
#707 = DIRECTION('',(-0.624859488142,0.780737228572,0.));
#708 = ADVANCED_FACE('',(#709),#734,.F.);
#709 = FACE_BOUND('',#710,.F.);
#710 = EDGE_LOOP('',(#711,#712,#720,#728));
#711 = ORIENTED_EDGE('',*,*,#659,.T.);
#712 = ORIENTED_EDGE('',*,*,#713,.T.);
#713 = EDGE_CURVE('',#652,#714,#716,.T.);
#714 = VERTEX_POINT('',#715);
#715 = CARTESIAN_POINT('',(16.351696263032,-11.51616382835,0.4));
#716 = LINE('',#717,#718);
#717 = CARTESIAN_POINT('',(16.064150629613,-11.91398608984,0.4));
#718 = VECTOR('',#719,1.);
#719 = DIRECTION('',(0.585797857456,0.810457198253,0.));
#720 = ORIENTED_EDGE('',*,*,#721,.F.);
#721 = EDGE_CURVE('',#722,#714,#724,.T.);
#722 = VERTEX_POINT('',#723);
#723 = CARTESIAN_POINT('',(16.351696263032,-11.51616382835,0.));
#724 = LINE('',#725,#726);
#725 = CARTESIAN_POINT('',(16.351696263032,-11.51616382835,0.));
#726 = VECTOR('',#727,1.);
#727 = DIRECTION('',(0.,0.,1.));
#728 = ORIENTED_EDGE('',*,*,#729,.F.);
#729 = EDGE_CURVE('',#660,#722,#730,.T.);
#730 = LINE('',#731,#732);
#731 = CARTESIAN_POINT('',(16.064150629613,-11.91398608984,0.));
#732 = VECTOR('',#733,1.);
#733 = DIRECTION('',(0.585797857456,0.810457198253,0.));
#734 = PLANE('',#735);
#735 = AXIS2_PLACEMENT_3D('',#736,#737,#738);
#736 = CARTESIAN_POINT('',(16.064150629613,-11.91398608984,0.));
#737 = DIRECTION('',(-0.810457198253,0.585797857456,0.));
#738 = DIRECTION('',(0.585797857456,0.810457198253,0.));
#739 = ADVANCED_FACE('',(#740),#765,.F.);
#740 = FACE_BOUND('',#741,.F.);
#741 = EDGE_LOOP('',(#742,#752,#758,#759));
#742 = ORIENTED_EDGE('',*,*,#743,.T.);
#743 = EDGE_CURVE('',#744,#746,#748,.T.);
#744 = VERTEX_POINT('',#745);
#745 = CARTESIAN_POINT('',(16.064150629613,11.913986089849,0.));
#746 = VERTEX_POINT('',#747);
#747 = CARTESIAN_POINT('',(16.064150629613,11.913986089849,0.4));
#748 = LINE('',#749,#750);
#749 = CARTESIAN_POINT('',(16.064150629613,11.913986089849,0.));
#750 = VECTOR('',#751,1.);
#751 = DIRECTION('',(0.,0.,1.));
#752 = ORIENTED_EDGE('',*,*,#753,.T.);
#753 = EDGE_CURVE('',#746,#684,#754,.T.);
#754 = LINE('',#755,#756);
#755 = CARTESIAN_POINT('',(16.064150629613,11.913986089849,0.4));
#756 = VECTOR('',#757,1.);
#757 = DIRECTION('',(-0.605511041404,0.795836904609,0.));
#758 = ORIENTED_EDGE('',*,*,#681,.F.);
#759 = ORIENTED_EDGE('',*,*,#760,.F.);
#760 = EDGE_CURVE('',#744,#682,#761,.T.);
#761 = LINE('',#762,#763);
#762 = CARTESIAN_POINT('',(16.064150629613,11.913986089849,0.));
#763 = VECTOR('',#764,1.);
#764 = DIRECTION('',(-0.605511041404,0.795836904609,0.));
#765 = PLANE('',#766);
#766 = AXIS2_PLACEMENT_3D('',#767,#768,#769);
#767 = CARTESIAN_POINT('',(16.064150629613,11.913986089849,0.));
#768 = DIRECTION('',(-0.795836904609,-0.605511041404,0.));
#769 = DIRECTION('',(-0.605511041404,0.795836904609,0.));
#770 = ADVANCED_FACE('',(#771),#796,.F.);
#771 = FACE_BOUND('',#772,.F.);
#772 = EDGE_LOOP('',(#773,#774,#782,#790));
#773 = ORIENTED_EDGE('',*,*,#721,.T.);
#774 = ORIENTED_EDGE('',*,*,#775,.T.);
#775 = EDGE_CURVE('',#714,#776,#778,.T.);
#776 = VERTEX_POINT('',#777);
#777 = CARTESIAN_POINT('',(16.629392246051,-11.11140466039,0.4));
#778 = LINE('',#779,#780);
#779 = CARTESIAN_POINT('',(16.351696263032,-11.51616382835,0.4));
#780 = VECTOR('',#781,1.);
#781 = DIRECTION('',(0.565731810784,0.824589302785,0.));
#782 = ORIENTED_EDGE('',*,*,#783,.F.);
#783 = EDGE_CURVE('',#784,#776,#786,.T.);
#784 = VERTEX_POINT('',#785);
#785 = CARTESIAN_POINT('',(16.629392246051,-11.11140466039,0.));
#786 = LINE('',#787,#788);
#787 = CARTESIAN_POINT('',(16.629392246051,-11.11140466039,0.));
#788 = VECTOR('',#789,1.);
#789 = DIRECTION('',(0.,0.,1.));
#790 = ORIENTED_EDGE('',*,*,#791,.F.);
#791 = EDGE_CURVE('',#722,#784,#792,.T.);
#792 = LINE('',#793,#794);
#793 = CARTESIAN_POINT('',(16.351696263032,-11.51616382835,0.));
#794 = VECTOR('',#795,1.);
#795 = DIRECTION('',(0.565731810784,0.824589302785,0.));
#796 = PLANE('',#797);
#797 = AXIS2_PLACEMENT_3D('',#798,#799,#800);
#798 = CARTESIAN_POINT('',(16.351696263032,-11.51616382835,0.));
#799 = DIRECTION('',(-0.824589302785,0.565731810784,0.));
#800 = DIRECTION('',(0.565731810784,0.824589302785,0.));
#801 = ADVANCED_FACE('',(#802),#827,.F.);
#802 = FACE_BOUND('',#803,.F.);
#803 = EDGE_LOOP('',(#804,#814,#820,#821));
#804 = ORIENTED_EDGE('',*,*,#805,.T.);
#805 = EDGE_CURVE('',#806,#808,#810,.T.);
#806 = VERTEX_POINT('',#807);
#807 = CARTESIAN_POINT('',(16.351696263032,11.516163828357,0.));
#808 = VERTEX_POINT('',#809);
#809 = CARTESIAN_POINT('',(16.351696263032,11.516163828357,0.4));
#810 = LINE('',#811,#812);
#811 = CARTESIAN_POINT('',(16.351696263032,11.516163828357,0.));
#812 = VECTOR('',#813,1.);
#813 = DIRECTION('',(0.,0.,1.));
#814 = ORIENTED_EDGE('',*,*,#815,.T.);
#815 = EDGE_CURVE('',#808,#746,#816,.T.);
#816 = LINE('',#817,#818);
#817 = CARTESIAN_POINT('',(16.351696263032,11.516163828357,0.4));
#818 = VECTOR('',#819,1.);
#819 = DIRECTION('',(-0.585797857456,0.810457198253,0.));
#820 = ORIENTED_EDGE('',*,*,#743,.F.);
#821 = ORIENTED_EDGE('',*,*,#822,.F.);
#822 = EDGE_CURVE('',#806,#744,#823,.T.);
#823 = LINE('',#824,#825);
#824 = CARTESIAN_POINT('',(16.351696263032,11.516163828357,0.));
#825 = VECTOR('',#826,1.);
#826 = DIRECTION('',(-0.585797857456,0.810457198253,0.));
#827 = PLANE('',#828);
#828 = AXIS2_PLACEMENT_3D('',#829,#830,#831);
#829 = CARTESIAN_POINT('',(16.351696263032,11.516163828357,0.));
#830 = DIRECTION('',(-0.810457198253,-0.585797857456,0.));
#831 = DIRECTION('',(-0.585797857456,0.810457198253,0.));
#832 = ADVANCED_FACE('',(#833),#858,.F.);
#833 = FACE_BOUND('',#834,.F.);
#834 = EDGE_LOOP('',(#835,#836,#844,#852));
#835 = ORIENTED_EDGE('',*,*,#783,.T.);
#836 = ORIENTED_EDGE('',*,*,#837,.T.);
#837 = EDGE_CURVE('',#776,#838,#840,.T.);
#838 = VERTEX_POINT('',#839);
#839 = CARTESIAN_POINT('',(16.897071304994,-10.69995239774,0.4));
#840 = LINE('',#841,#842);
#841 = CARTESIAN_POINT('',(16.629392246051,-11.11140466039,0.4));
#842 = VECTOR('',#843,1.);
#843 = DIRECTION('',(0.545324988422,0.838224705555,0.));
#844 = ORIENTED_EDGE('',*,*,#845,.F.);
#845 = EDGE_CURVE('',#846,#838,#848,.T.);
#846 = VERTEX_POINT('',#847);
#847 = CARTESIAN_POINT('',(16.897071304994,-10.69995239774,0.));
#848 = LINE('',#849,#850);
#849 = CARTESIAN_POINT('',(16.897071304994,-10.69995239774,0.));
#850 = VECTOR('',#851,1.);
#851 = DIRECTION('',(0.,0.,1.));
#852 = ORIENTED_EDGE('',*,*,#853,.F.);
#853 = EDGE_CURVE('',#784,#846,#854,.T.);
#854 = LINE('',#855,#856);
#855 = CARTESIAN_POINT('',(16.629392246051,-11.11140466039,0.));
#856 = VECTOR('',#857,1.);
#857 = DIRECTION('',(0.545324988422,0.838224705555,0.));
#858 = PLANE('',#859);
#859 = AXIS2_PLACEMENT_3D('',#860,#861,#862);
#860 = CARTESIAN_POINT('',(16.629392246051,-11.11140466039,0.));
#861 = DIRECTION('',(-0.838224705555,0.545324988422,0.));
#862 = DIRECTION('',(0.545324988422,0.838224705555,0.));
#863 = ADVANCED_FACE('',(#864),#889,.F.);
#864 = FACE_BOUND('',#865,.F.);
#865 = EDGE_LOOP('',(#866,#876,#882,#883));
#866 = ORIENTED_EDGE('',*,*,#867,.T.);
#867 = EDGE_CURVE('',#868,#870,#872,.T.);
#868 = VERTEX_POINT('',#869);
#869 = CARTESIAN_POINT('',(16.629392246051,11.111404660392,0.));
#870 = VERTEX_POINT('',#871);
#871 = CARTESIAN_POINT('',(16.629392246051,11.111404660392,0.4));
#872 = LINE('',#873,#874);
#873 = CARTESIAN_POINT('',(16.629392246051,11.111404660392,0.));
#874 = VECTOR('',#875,1.);
#875 = DIRECTION('',(0.,0.,1.));
#876 = ORIENTED_EDGE('',*,*,#877,.T.);
#877 = EDGE_CURVE('',#870,#808,#878,.T.);
#878 = LINE('',#879,#880);
#879 = CARTESIAN_POINT('',(16.629392246051,11.111404660392,0.4));
#880 = VECTOR('',#881,1.);
#881 = DIRECTION('',(-0.565731810784,0.824589302785,0.));
#882 = ORIENTED_EDGE('',*,*,#805,.F.);
#883 = ORIENTED_EDGE('',*,*,#884,.F.);
#884 = EDGE_CURVE('',#868,#806,#885,.T.);
#885 = LINE('',#886,#887);
#886 = CARTESIAN_POINT('',(16.629392246051,11.111404660392,0.));
#887 = VECTOR('',#888,1.);
#888 = DIRECTION('',(-0.565731810784,0.824589302785,0.));
#889 = PLANE('',#890);
#890 = AXIS2_PLACEMENT_3D('',#891,#892,#893);
#891 = CARTESIAN_POINT('',(16.629392246051,11.111404660392,0.));
#892 = DIRECTION('',(-0.824589302785,-0.565731810784,0.));
#893 = DIRECTION('',(-0.565731810784,0.824589302785,0.));
#894 = ADVANCED_FACE('',(#895),#920,.F.);
#895 = FACE_BOUND('',#896,.F.);
#896 = EDGE_LOOP('',(#897,#898,#906,#914));
#897 = ORIENTED_EDGE('',*,*,#845,.T.);
#898 = ORIENTED_EDGE('',*,*,#899,.T.);
#899 = EDGE_CURVE('',#838,#900,#902,.T.);
#900 = VERTEX_POINT('',#901);
#901 = CARTESIAN_POINT('',(17.154572200005,-10.28205488386,0.4));
#902 = LINE('',#903,#904);
#903 = CARTESIAN_POINT('',(16.897071304994,-10.69995239774,0.4));
#904 = VECTOR('',#905,1.);
#905 = DIRECTION('',(0.524589682678,0.851355193105,0.));
#906 = ORIENTED_EDGE('',*,*,#907,.F.);
#907 = EDGE_CURVE('',#908,#900,#910,.T.);
#908 = VERTEX_POINT('',#909);
#909 = CARTESIAN_POINT('',(17.154572200005,-10.28205488386,0.));
#910 = LINE('',#911,#912);
#911 = CARTESIAN_POINT('',(17.154572200005,-10.28205488386,0.));
#912 = VECTOR('',#913,1.);
#913 = DIRECTION('',(0.,0.,1.));
#914 = ORIENTED_EDGE('',*,*,#915,.F.);
#915 = EDGE_CURVE('',#846,#908,#916,.T.);
#916 = LINE('',#917,#918);
#917 = CARTESIAN_POINT('',(16.897071304994,-10.69995239774,0.));
#918 = VECTOR('',#919,1.);
#919 = DIRECTION('',(0.524589682678,0.851355193105,0.));
#920 = PLANE('',#921);
#921 = AXIS2_PLACEMENT_3D('',#922,#923,#924);
#922 = CARTESIAN_POINT('',(16.897071304994,-10.69995239774,0.));
#923 = DIRECTION('',(-0.851355193105,0.524589682678,0.));
#924 = DIRECTION('',(0.524589682678,0.851355193105,0.));
#925 = ADVANCED_FACE('',(#926),#951,.F.);
#926 = FACE_BOUND('',#927,.F.);
#927 = EDGE_LOOP('',(#928,#938,#944,#945));
#928 = ORIENTED_EDGE('',*,*,#929,.T.);
#929 = EDGE_CURVE('',#930,#932,#934,.T.);
#930 = VERTEX_POINT('',#931);
#931 = CARTESIAN_POINT('',(16.897071304994,10.699952397742,0.));
#932 = VERTEX_POINT('',#933);
#933 = CARTESIAN_POINT('',(16.897071304994,10.699952397742,0.4));
#934 = LINE('',#935,#936);
#935 = CARTESIAN_POINT('',(16.897071304994,10.699952397742,0.));
#936 = VECTOR('',#937,1.);
#937 = DIRECTION('',(0.,0.,1.));
#938 = ORIENTED_EDGE('',*,*,#939,.T.);
#939 = EDGE_CURVE('',#932,#870,#940,.T.);
#940 = LINE('',#941,#942);
#941 = CARTESIAN_POINT('',(16.897071304994,10.699952397742,0.4));
#942 = VECTOR('',#943,1.);
#943 = DIRECTION('',(-0.545324988422,0.838224705555,0.));
#944 = ORIENTED_EDGE('',*,*,#867,.F.);
#945 = ORIENTED_EDGE('',*,*,#946,.F.);
#946 = EDGE_CURVE('',#930,#868,#947,.T.);
#947 = LINE('',#948,#949);
#948 = CARTESIAN_POINT('',(16.897071304994,10.699952397742,0.));
#949 = VECTOR('',#950,1.);
#950 = DIRECTION('',(-0.545324988422,0.838224705555,0.));
#951 = PLANE('',#952);
#952 = AXIS2_PLACEMENT_3D('',#953,#954,#955);
#953 = CARTESIAN_POINT('',(16.897071304994,10.699952397742,0.));
#954 = DIRECTION('',(-0.838224705555,-0.545324988422,0.));
#955 = DIRECTION('',(-0.545324988422,0.838224705555,0.));
#956 = ADVANCED_FACE('',(#957),#982,.F.);
#957 = FACE_BOUND('',#958,.F.);
#958 = EDGE_LOOP('',(#959,#960,#968,#976));
#959 = ORIENTED_EDGE('',*,*,#907,.T.);
#960 = ORIENTED_EDGE('',*,*,#961,.T.);
#961 = EDGE_CURVE('',#900,#962,#964,.T.);
#962 = VERTEX_POINT('',#963);
#963 = CARTESIAN_POINT('',(17.401739822174,-9.857963844596,0.4));
#964 = LINE('',#965,#966);
#965 = CARTESIAN_POINT('',(17.154572200005,-10.28205488386,0.4));
#966 = VECTOR('',#967,1.);
#967 = DIRECTION('',(0.503538383726,0.863972856122,0.));
#968 = ORIENTED_EDGE('',*,*,#969,.F.);
#969 = EDGE_CURVE('',#970,#962,#972,.T.);
#970 = VERTEX_POINT('',#971);
#971 = CARTESIAN_POINT('',(17.401739822174,-9.857963844596,0.));
#972 = LINE('',#973,#974);
#973 = CARTESIAN_POINT('',(17.401739822174,-9.857963844596,0.));
#974 = VECTOR('',#975,1.);
#975 = DIRECTION('',(0.,0.,1.));
#976 = ORIENTED_EDGE('',*,*,#977,.F.);
#977 = EDGE_CURVE('',#908,#970,#978,.T.);
#978 = LINE('',#979,#980);
#979 = CARTESIAN_POINT('',(17.154572200005,-10.28205488386,0.));
#980 = VECTOR('',#981,1.);
#981 = DIRECTION('',(0.503538383726,0.863972856122,0.));
#982 = PLANE('',#983);
#983 = AXIS2_PLACEMENT_3D('',#984,#985,#986);
#984 = CARTESIAN_POINT('',(17.154572200005,-10.28205488386,0.));
#985 = DIRECTION('',(-0.863972856122,0.503538383726,0.));
#986 = DIRECTION('',(0.503538383726,0.863972856122,0.));
#987 = ADVANCED_FACE('',(#988),#1013,.F.);
#988 = FACE_BOUND('',#989,.F.);
#989 = EDGE_LOOP('',(#990,#1000,#1006,#1007));
#990 = ORIENTED_EDGE('',*,*,#991,.T.);
#991 = EDGE_CURVE('',#992,#994,#996,.T.);
#992 = VERTEX_POINT('',#993);
#993 = CARTESIAN_POINT('',(17.154572200005,10.282054883864,0.));
#994 = VERTEX_POINT('',#995);
#995 = CARTESIAN_POINT('',(17.154572200005,10.282054883864,0.4));
#996 = LINE('',#997,#998);
#997 = CARTESIAN_POINT('',(17.154572200005,10.282054883864,0.));
#998 = VECTOR('',#999,1.);
#999 = DIRECTION('',(0.,0.,1.));
#1000 = ORIENTED_EDGE('',*,*,#1001,.T.);
#1001 = EDGE_CURVE('',#994,#932,#1002,.T.);
#1002 = LINE('',#1003,#1004);
#1003 = CARTESIAN_POINT('',(17.154572200005,10.282054883864,0.4));
#1004 = VECTOR('',#1005,1.);
#1005 = DIRECTION('',(-0.524589682678,0.851355193105,0.));
#1006 = ORIENTED_EDGE('',*,*,#929,.F.);
#1007 = ORIENTED_EDGE('',*,*,#1008,.F.);
#1008 = EDGE_CURVE('',#992,#930,#1009,.T.);
#1009 = LINE('',#1010,#1011);
#1010 = CARTESIAN_POINT('',(17.154572200005,10.282054883864,0.));
#1011 = VECTOR('',#1012,1.);
#1012 = DIRECTION('',(-0.524589682678,0.851355193105,0.));
#1013 = PLANE('',#1014);
#1014 = AXIS2_PLACEMENT_3D('',#1015,#1016,#1017);
#1015 = CARTESIAN_POINT('',(17.154572200005,10.282054883864,0.));
#1016 = DIRECTION('',(-0.851355193105,-0.524589682678,0.));
#1017 = DIRECTION('',(-0.524589682678,0.851355193105,0.));
#1018 = ADVANCED_FACE('',(#1019),#1044,.F.);
#1019 = FACE_BOUND('',#1020,.F.);
#1020 = EDGE_LOOP('',(#1021,#1022,#1030,#1038));
#1021 = ORIENTED_EDGE('',*,*,#969,.T.);
#1022 = ORIENTED_EDGE('',*,*,#1023,.T.);
#1023 = EDGE_CURVE('',#962,#1024,#1026,.T.);
#1024 = VERTEX_POINT('',#1025);
#1025 = CARTESIAN_POINT('',(17.638425286967,-9.42793473652,0.4));
#1026 = LINE('',#1027,#1028);
#1027 = CARTESIAN_POINT('',(17.401739822174,-9.857963844596,0.4));
#1028 = VECTOR('',#1029,1.);
#1029 = DIRECTION('',(0.482183772079,0.876070094195,0.));
#1030 = ORIENTED_EDGE('',*,*,#1031,.F.);
#1031 = EDGE_CURVE('',#1032,#1024,#1034,.T.);
#1032 = VERTEX_POINT('',#1033);
#1033 = CARTESIAN_POINT('',(17.638425286967,-9.42793473652,0.));
#1034 = LINE('',#1035,#1036);
#1035 = CARTESIAN_POINT('',(17.638425286967,-9.42793473652,0.));
#1036 = VECTOR('',#1037,1.);
#1037 = DIRECTION('',(0.,0.,1.));
#1038 = ORIENTED_EDGE('',*,*,#1039,.F.);
#1039 = EDGE_CURVE('',#970,#1032,#1040,.T.);
#1040 = LINE('',#1041,#1042);
#1041 = CARTESIAN_POINT('',(17.401739822174,-9.857963844596,0.));
#1042 = VECTOR('',#1043,1.);
#1043 = DIRECTION('',(0.482183772079,0.876070094195,0.));
#1044 = PLANE('',#1045);
#1045 = AXIS2_PLACEMENT_3D('',#1046,#1047,#1048);
#1046 = CARTESIAN_POINT('',(17.401739822174,-9.857963844596,0.));
#1047 = DIRECTION('',(-0.876070094195,0.482183772079,0.));
#1048 = DIRECTION('',(0.482183772079,0.876070094195,0.));
#1049 = ADVANCED_FACE('',(#1050),#1075,.F.);
#1050 = FACE_BOUND('',#1051,.F.);
#1051 = EDGE_LOOP('',(#1052,#1062,#1068,#1069));
#1052 = ORIENTED_EDGE('',*,*,#1053,.T.);
#1053 = EDGE_CURVE('',#1054,#1056,#1058,.T.);
#1054 = VERTEX_POINT('',#1055);
#1055 = CARTESIAN_POINT('',(17.401739822174,9.857963844596,0.));
#1056 = VERTEX_POINT('',#1057);
#1057 = CARTESIAN_POINT('',(17.401739822174,9.857963844596,0.4));
#1058 = LINE('',#1059,#1060);
#1059 = CARTESIAN_POINT('',(17.401739822174,9.857963844596,0.));
#1060 = VECTOR('',#1061,1.);
#1061 = DIRECTION('',(0.,0.,1.));
#1062 = ORIENTED_EDGE('',*,*,#1063,.T.);
#1063 = EDGE_CURVE('',#1056,#994,#1064,.T.);
#1064 = LINE('',#1065,#1066);
#1065 = CARTESIAN_POINT('',(17.401739822174,9.857963844596,0.4));
#1066 = VECTOR('',#1067,1.);
#1067 = DIRECTION('',(-0.503538383726,0.863972856122,0.));
#1068 = ORIENTED_EDGE('',*,*,#991,.F.);
#1069 = ORIENTED_EDGE('',*,*,#1070,.F.);
#1070 = EDGE_CURVE('',#1054,#992,#1071,.T.);
#1071 = LINE('',#1072,#1073);
#1072 = CARTESIAN_POINT('',(17.401739822174,9.857963844596,0.));
#1073 = VECTOR('',#1074,1.);
#1074 = DIRECTION('',(-0.503538383726,0.863972856122,0.));
#1075 = PLANE('',#1076);
#1076 = AXIS2_PLACEMENT_3D('',#1077,#1078,#1079);
#1077 = CARTESIAN_POINT('',(17.401739822174,9.857963844596,0.));
#1078 = DIRECTION('',(-0.863972856122,-0.503538383726,0.));
#1079 = DIRECTION('',(-0.503538383726,0.863972856122,0.));
#1080 = ADVANCED_FACE('',(#1081),#1106,.F.);
#1081 = FACE_BOUND('',#1082,.F.);
#1082 = EDGE_LOOP('',(#1083,#1084,#1092,#1100));
#1083 = ORIENTED_EDGE('',*,*,#1031,.T.);
#1084 = ORIENTED_EDGE('',*,*,#1085,.T.);
#1085 = EDGE_CURVE('',#1024,#1086,#1088,.T.);
#1086 = VERTEX_POINT('',#1087);
#1087 = CARTESIAN_POINT('',(17.86448602391,-8.992226593092,0.4));
#1088 = LINE('',#1089,#1090);
#1089 = CARTESIAN_POINT('',(17.638425286967,-9.42793473652,0.4));
#1090 = VECTOR('',#1091,1.);
#1091 = DIRECTION('',(0.460538710958,0.887639620403,0.));
#1092 = ORIENTED_EDGE('',*,*,#1093,.F.);
#1093 = EDGE_CURVE('',#1094,#1086,#1096,.T.);
#1094 = VERTEX_POINT('',#1095);
#1095 = CARTESIAN_POINT('',(17.86448602391,-8.992226593092,0.));
#1096 = LINE('',#1097,#1098);
#1097 = CARTESIAN_POINT('',(17.86448602391,-8.992226593092,0.));
#1098 = VECTOR('',#1099,1.);
#1099 = DIRECTION('',(0.,0.,1.));
#1100 = ORIENTED_EDGE('',*,*,#1101,.F.);
#1101 = EDGE_CURVE('',#1032,#1094,#1102,.T.);
#1102 = LINE('',#1103,#1104);
#1103 = CARTESIAN_POINT('',(17.638425286967,-9.42793473652,0.));
#1104 = VECTOR('',#1105,1.);
#1105 = DIRECTION('',(0.460538710958,0.887639620403,0.));
#1106 = PLANE('',#1107);
#1107 = AXIS2_PLACEMENT_3D('',#1108,#1109,#1110);
#1108 = CARTESIAN_POINT('',(17.638425286967,-9.42793473652,0.));
#1109 = DIRECTION('',(-0.887639620403,0.460538710958,0.));
#1110 = DIRECTION('',(0.460538710958,0.887639620403,0.));
#1111 = ADVANCED_FACE('',(#1112),#1137,.F.);
#1112 = FACE_BOUND('',#1113,.F.);
#1113 = EDGE_LOOP('',(#1114,#1124,#1130,#1131));
#1114 = ORIENTED_EDGE('',*,*,#1115,.T.);
#1115 = EDGE_CURVE('',#1116,#1118,#1120,.T.);
#1116 = VERTEX_POINT('',#1117);
#1117 = CARTESIAN_POINT('',(17.638425286967,9.42793473652,0.));
#1118 = VERTEX_POINT('',#1119);
#1119 = CARTESIAN_POINT('',(17.638425286967,9.42793473652,0.4));
#1120 = LINE('',#1121,#1122);
#1121 = CARTESIAN_POINT('',(17.638425286967,9.42793473652,0.));
#1122 = VECTOR('',#1123,1.);
#1123 = DIRECTION('',(0.,0.,1.));
#1124 = ORIENTED_EDGE('',*,*,#1125,.T.);
#1125 = EDGE_CURVE('',#1118,#1056,#1126,.T.);
#1126 = LINE('',#1127,#1128);
#1127 = CARTESIAN_POINT('',(17.638425286967,9.42793473652,0.4));
#1128 = VECTOR('',#1129,1.);
#1129 = DIRECTION('',(-0.482183772079,0.876070094195,0.));
#1130 = ORIENTED_EDGE('',*,*,#1053,.F.);
#1131 = ORIENTED_EDGE('',*,*,#1132,.F.);
#1132 = EDGE_CURVE('',#1116,#1054,#1133,.T.);
#1133 = LINE('',#1134,#1135);
#1134 = CARTESIAN_POINT('',(17.638425286967,9.42793473652,0.));
#1135 = VECTOR('',#1136,1.);
#1136 = DIRECTION('',(-0.482183772079,0.876070094195,0.));
#1137 = PLANE('',#1138);
#1138 = AXIS2_PLACEMENT_3D('',#1139,#1140,#1141);
#1139 = CARTESIAN_POINT('',(17.638425286967,9.42793473652,0.));
#1140 = DIRECTION('',(-0.876070094195,-0.482183772079,0.));
#1141 = DIRECTION('',(-0.482183772079,0.876070094195,0.));
#1142 = ADVANCED_FACE('',(#1143),#1168,.F.);
#1143 = FACE_BOUND('',#1144,.F.);
#1144 = EDGE_LOOP('',(#1145,#1146,#1154,#1162));
#1145 = ORIENTED_EDGE('',*,*,#1093,.T.);
#1146 = ORIENTED_EDGE('',*,*,#1147,.T.);
#1147 = EDGE_CURVE('',#1086,#1148,#1150,.T.);
#1148 = VERTEX_POINT('',#1149);
#1149 = CARTESIAN_POINT('',(18.079785862469,-8.551101868606,0.4));
#1150 = LINE('',#1151,#1152);
#1151 = CARTESIAN_POINT('',(17.86448602391,-8.992226593092,0.4));
#1152 = VECTOR('',#1153,1.);
#1153 = DIRECTION('',(0.438616238539,0.898674465694,0.));
#1154 = ORIENTED_EDGE('',*,*,#1155,.F.);
#1155 = EDGE_CURVE('',#1156,#1148,#1158,.T.);
#1156 = VERTEX_POINT('',#1157);
#1157 = CARTESIAN_POINT('',(18.079785862469,-8.551101868606,0.));
#1158 = LINE('',#1159,#1160);
#1159 = CARTESIAN_POINT('',(18.079785862469,-8.551101868606,0.));
#1160 = VECTOR('',#1161,1.);
#1161 = DIRECTION('',(0.,0.,1.));
#1162 = ORIENTED_EDGE('',*,*,#1163,.F.);
#1163 = EDGE_CURVE('',#1094,#1156,#1164,.T.);
#1164 = LINE('',#1165,#1166);
#1165 = CARTESIAN_POINT('',(17.86448602391,-8.992226593092,0.));
#1166 = VECTOR('',#1167,1.);
#1167 = DIRECTION('',(0.438616238539,0.898674465694,0.));
#1168 = PLANE('',#1169);
#1169 = AXIS2_PLACEMENT_3D('',#1170,#1171,#1172);
#1170 = CARTESIAN_POINT('',(17.86448602391,-8.992226593092,0.));
#1171 = DIRECTION('',(-0.898674465694,0.438616238539,0.));
#1172 = DIRECTION('',(0.438616238539,0.898674465694,0.));
#1173 = ADVANCED_FACE('',(#1174),#1199,.F.);
#1174 = FACE_BOUND('',#1175,.F.);
#1175 = EDGE_LOOP('',(#1176,#1186,#1192,#1193));
#1176 = ORIENTED_EDGE('',*,*,#1177,.T.);
#1177 = EDGE_CURVE('',#1178,#1180,#1182,.T.);
#1178 = VERTEX_POINT('',#1179);
#1179 = CARTESIAN_POINT('',(17.86448602391,8.992226593092,0.));
#1180 = VERTEX_POINT('',#1181);
#1181 = CARTESIAN_POINT('',(17.86448602391,8.992226593092,0.4));
#1182 = LINE('',#1183,#1184);
#1183 = CARTESIAN_POINT('',(17.86448602391,8.992226593092,0.));
#1184 = VECTOR('',#1185,1.);
#1185 = DIRECTION('',(0.,0.,1.));
#1186 = ORIENTED_EDGE('',*,*,#1187,.T.);
#1187 = EDGE_CURVE('',#1180,#1118,#1188,.T.);
#1188 = LINE('',#1189,#1190);
#1189 = CARTESIAN_POINT('',(17.86448602391,8.992226593092,0.4));
#1190 = VECTOR('',#1191,1.);
#1191 = DIRECTION('',(-0.460538710958,0.887639620403,0.));
#1192 = ORIENTED_EDGE('',*,*,#1115,.F.);
#1193 = ORIENTED_EDGE('',*,*,#1194,.F.);
#1194 = EDGE_CURVE('',#1178,#1116,#1195,.T.);
#1195 = LINE('',#1196,#1197);
#1196 = CARTESIAN_POINT('',(17.86448602391,8.992226593092,0.));
#1197 = VECTOR('',#1198,1.);
#1198 = DIRECTION('',(-0.460538710958,0.887639620403,0.));
#1199 = PLANE('',#1200);
#1200 = AXIS2_PLACEMENT_3D('',#1201,#1202,#1203);
#1201 = CARTESIAN_POINT('',(17.86448602391,8.992226593092,0.));
#1202 = DIRECTION('',(-0.887639620403,-0.460538710958,0.));
#1203 = DIRECTION('',(-0.460538710958,0.887639620403,0.));
#1204 = ADVANCED_FACE('',(#1205),#1230,.F.);
#1205 = FACE_BOUND('',#1206,.F.);
#1206 = EDGE_LOOP('',(#1207,#1208,#1216,#1224));
#1207 = ORIENTED_EDGE('',*,*,#1155,.T.);
#1208 = ORIENTED_EDGE('',*,*,#1209,.T.);
#1209 = EDGE_CURVE('',#1148,#1210,#1212,.T.);
#1210 = VERTEX_POINT('',#1211);
#1211 = CARTESIAN_POINT('',(18.284195114071,-8.1048262801,0.4));
#1212 = LINE('',#1213,#1214);
#1213 = CARTESIAN_POINT('',(18.079785862469,-8.551101868606,0.4));
#1214 = VECTOR('',#1215,1.);
#1215 = DIRECTION('',(0.416429560098,0.909167983091,0.));
#1216 = ORIENTED_EDGE('',*,*,#1217,.F.);
#1217 = EDGE_CURVE('',#1218,#1210,#1220,.T.);
#1218 = VERTEX_POINT('',#1219);
#1219 = CARTESIAN_POINT('',(18.284195114071,-8.1048262801,0.));
#1220 = LINE('',#1221,#1222);
#1221 = CARTESIAN_POINT('',(18.284195114071,-8.1048262801,0.));
#1222 = VECTOR('',#1223,1.);
#1223 = DIRECTION('',(0.,0.,1.));
#1224 = ORIENTED_EDGE('',*,*,#1225,.F.);
#1225 = EDGE_CURVE('',#1156,#1218,#1226,.T.);
#1226 = LINE('',#1227,#1228);
#1227 = CARTESIAN_POINT('',(18.079785862469,-8.551101868606,0.));
#1228 = VECTOR('',#1229,1.);
#1229 = DIRECTION('',(0.416429560098,0.909167983091,0.));
#1230 = PLANE('',#1231);
#1231 = AXIS2_PLACEMENT_3D('',#1232,#1233,#1234);
#1232 = CARTESIAN_POINT('',(18.079785862469,-8.551101868606,0.));
#1233 = DIRECTION('',(-0.909167983091,0.416429560098,0.));
#1234 = DIRECTION('',(0.416429560098,0.909167983091,0.));
#1235 = ADVANCED_FACE('',(#1236),#1261,.F.);
#1236 = FACE_BOUND('',#1237,.F.);
#1237 = EDGE_LOOP('',(#1238,#1248,#1254,#1255));
#1238 = ORIENTED_EDGE('',*,*,#1239,.T.);
#1239 = EDGE_CURVE('',#1240,#1242,#1244,.T.);
#1240 = VERTEX_POINT('',#1241);
#1241 = CARTESIAN_POINT('',(18.079785862469,8.551101868606,0.));
#1242 = VERTEX_POINT('',#1243);
#1243 = CARTESIAN_POINT('',(18.079785862469,8.551101868606,0.4));
#1244 = LINE('',#1245,#1246);
#1245 = CARTESIAN_POINT('',(18.079785862469,8.551101868606,0.));
#1246 = VECTOR('',#1247,1.);
#1247 = DIRECTION('',(0.,0.,1.));
#1248 = ORIENTED_EDGE('',*,*,#1249,.T.);
#1249 = EDGE_CURVE('',#1242,#1180,#1250,.T.);
#1250 = LINE('',#1251,#1252);
#1251 = CARTESIAN_POINT('',(18.079785862469,8.551101868606,0.4));
#1252 = VECTOR('',#1253,1.);
#1253 = DIRECTION('',(-0.438616238539,0.898674465694,0.));
#1254 = ORIENTED_EDGE('',*,*,#1177,.F.);
#1255 = ORIENTED_EDGE('',*,*,#1256,.F.);
#1256 = EDGE_CURVE('',#1240,#1178,#1257,.T.);
#1257 = LINE('',#1258,#1259);
#1258 = CARTESIAN_POINT('',(18.079785862469,8.551101868606,0.));
#1259 = VECTOR('',#1260,1.);
#1260 = DIRECTION('',(-0.438616238539,0.898674465694,0.));
#1261 = PLANE('',#1262);
#1262 = AXIS2_PLACEMENT_3D('',#1263,#1264,#1265);
#1263 = CARTESIAN_POINT('',(18.079785862469,8.551101868606,0.));
#1264 = DIRECTION('',(-0.898674465694,-0.438616238539,0.));
#1265 = DIRECTION('',(-0.438616238539,0.898674465694,0.));
#1266 = ADVANCED_FACE('',(#1267),#1292,.F.);
#1267 = FACE_BOUND('',#1268,.F.);
#1268 = EDGE_LOOP('',(#1269,#1270,#1278,#1286));
#1269 = ORIENTED_EDGE('',*,*,#1217,.T.);
#1270 = ORIENTED_EDGE('',*,*,#1271,.T.);
#1271 = EDGE_CURVE('',#1210,#1272,#1274,.T.);
#1272 = VERTEX_POINT('',#1273);
#1273 = CARTESIAN_POINT('',(18.477590650226,-7.653668647302,0.4));
#1274 = LINE('',#1275,#1276);
#1275 = CARTESIAN_POINT('',(18.284195114071,-8.1048262801,0.4));
#1276 = VECTOR('',#1277,1.);
#1277 = DIRECTION('',(0.393992040061,0.91911385169,0.));
#1278 = ORIENTED_EDGE('',*,*,#1279,.F.);
#1279 = EDGE_CURVE('',#1280,#1272,#1282,.T.);
#1280 = VERTEX_POINT('',#1281);
#1281 = CARTESIAN_POINT('',(18.477590650226,-7.653668647302,0.));
#1282 = LINE('',#1283,#1284);
#1283 = CARTESIAN_POINT('',(18.477590650226,-7.653668647302,0.));
#1284 = VECTOR('',#1285,1.);
#1285 = DIRECTION('',(0.,0.,1.));
#1286 = ORIENTED_EDGE('',*,*,#1287,.F.);
#1287 = EDGE_CURVE('',#1218,#1280,#1288,.T.);
#1288 = LINE('',#1289,#1290);
#1289 = CARTESIAN_POINT('',(18.284195114071,-8.1048262801,0.));
#1290 = VECTOR('',#1291,1.);
#1291 = DIRECTION('',(0.393992040061,0.91911385169,0.));
#1292 = PLANE('',#1293);
#1293 = AXIS2_PLACEMENT_3D('',#1294,#1295,#1296);
#1294 = CARTESIAN_POINT('',(18.284195114071,-8.1048262801,0.));
#1295 = DIRECTION('',(-0.91911385169,0.393992040061,0.));
#1296 = DIRECTION('',(0.393992040061,0.91911385169,0.));
#1297 = ADVANCED_FACE('',(#1298),#1323,.F.);
#1298 = FACE_BOUND('',#1299,.F.);
#1299 = EDGE_LOOP('',(#1300,#1310,#1316,#1317));
#1300 = ORIENTED_EDGE('',*,*,#1301,.T.);
#1301 = EDGE_CURVE('',#1302,#1304,#1306,.T.);
#1302 = VERTEX_POINT('',#1303);
#1303 = CARTESIAN_POINT('',(18.284195114071,8.1048262801,0.));
#1304 = VERTEX_POINT('',#1305);
#1305 = CARTESIAN_POINT('',(18.284195114071,8.1048262801,0.4));
#1306 = LINE('',#1307,#1308);
#1307 = CARTESIAN_POINT('',(18.284195114071,8.1048262801,0.));
#1308 = VECTOR('',#1309,1.);
#1309 = DIRECTION('',(0.,0.,1.));
#1310 = ORIENTED_EDGE('',*,*,#1311,.T.);
#1311 = EDGE_CURVE('',#1304,#1242,#1312,.T.);
#1312 = LINE('',#1313,#1314);
#1313 = CARTESIAN_POINT('',(18.284195114071,8.1048262801,0.4));
#1314 = VECTOR('',#1315,1.);
#1315 = DIRECTION('',(-0.416429560098,0.909167983091,0.));
#1316 = ORIENTED_EDGE('',*,*,#1239,.F.);
#1317 = ORIENTED_EDGE('',*,*,#1318,.F.);
#1318 = EDGE_CURVE('',#1302,#1240,#1319,.T.);
#1319 = LINE('',#1320,#1321);
#1320 = CARTESIAN_POINT('',(18.284195114071,8.1048262801,0.));
#1321 = VECTOR('',#1322,1.);
#1322 = DIRECTION('',(-0.416429560098,0.909167983091,0.));
#1323 = PLANE('',#1324);
#1324 = AXIS2_PLACEMENT_3D('',#1325,#1326,#1327);
#1325 = CARTESIAN_POINT('',(18.284195114071,8.1048262801,0.));
#1326 = DIRECTION('',(-0.909167983091,-0.416429560098,0.));
#1327 = DIRECTION('',(-0.416429560098,0.909167983091,0.));
#1328 = ADVANCED_FACE('',(#1329),#1354,.F.);
#1329 = FACE_BOUND('',#1330,.F.);
#1330 = EDGE_LOOP('',(#1331,#1332,#1340,#1348));
#1331 = ORIENTED_EDGE('',*,*,#1279,.T.);
#1332 = ORIENTED_EDGE('',*,*,#1333,.T.);
#1333 = EDGE_CURVE('',#1272,#1334,#1336,.T.);
#1334 = VERTEX_POINT('',#1335);
#1335 = CARTESIAN_POINT('',(18.659855976695,-7.1979007307,0.4));
#1336 = LINE('',#1337,#1338);
#1337 = CARTESIAN_POINT('',(18.477590650226,-7.653668647302,0.4));
#1338 = VECTOR('',#1339,1.);
#1339 = DIRECTION('',(0.371317193952,0.928506080473,0.));
#1340 = ORIENTED_EDGE('',*,*,#1341,.F.);
#1341 = EDGE_CURVE('',#1342,#1334,#1344,.T.);
#1342 = VERTEX_POINT('',#1343);
#1343 = CARTESIAN_POINT('',(18.659855976695,-7.1979007307,0.));
#1344 = LINE('',#1345,#1346);
#1345 = CARTESIAN_POINT('',(18.659855976695,-7.1979007307,0.));
#1346 = VECTOR('',#1347,1.);
#1347 = DIRECTION('',(0.,0.,1.));
#1348 = ORIENTED_EDGE('',*,*,#1349,.F.);
#1349 = EDGE_CURVE('',#1280,#1342,#1350,.T.);
#1350 = LINE('',#1351,#1352);
#1351 = CARTESIAN_POINT('',(18.477590650226,-7.653668647302,0.));
#1352 = VECTOR('',#1353,1.);
#1353 = DIRECTION('',(0.371317193952,0.928506080473,0.));
#1354 = PLANE('',#1355);
#1355 = AXIS2_PLACEMENT_3D('',#1356,#1357,#1358);
#1356 = CARTESIAN_POINT('',(18.477590650226,-7.653668647302,0.));
#1357 = DIRECTION('',(-0.928506080473,0.371317193952,0.));
#1358 = DIRECTION('',(0.371317193952,0.928506080473,0.));
#1359 = ADVANCED_FACE('',(#1360),#1385,.F.);
#1360 = FACE_BOUND('',#1361,.F.);
#1361 = EDGE_LOOP('',(#1362,#1372,#1378,#1379));
#1362 = ORIENTED_EDGE('',*,*,#1363,.T.);
#1363 = EDGE_CURVE('',#1364,#1366,#1368,.T.);
#1364 = VERTEX_POINT('',#1365);
#1365 = CARTESIAN_POINT('',(18.477590650226,7.653668647302,0.));
#1366 = VERTEX_POINT('',#1367);
#1367 = CARTESIAN_POINT('',(18.477590650226,7.653668647302,0.4));
#1368 = LINE('',#1369,#1370);
#1369 = CARTESIAN_POINT('',(18.477590650226,7.653668647302,0.));
#1370 = VECTOR('',#1371,1.);
#1371 = DIRECTION('',(0.,0.,1.));
#1372 = ORIENTED_EDGE('',*,*,#1373,.T.);
#1373 = EDGE_CURVE('',#1366,#1304,#1374,.T.);
#1374 = LINE('',#1375,#1376);
#1375 = CARTESIAN_POINT('',(18.477590650226,7.653668647302,0.4));
#1376 = VECTOR('',#1377,1.);
#1377 = DIRECTION('',(-0.393992040061,0.91911385169,0.));
#1378 = ORIENTED_EDGE('',*,*,#1301,.F.);
#1379 = ORIENTED_EDGE('',*,*,#1380,.F.);
#1380 = EDGE_CURVE('',#1364,#1302,#1381,.T.);
#1381 = LINE('',#1382,#1383);
#1382 = CARTESIAN_POINT('',(18.477590650226,7.653668647302,0.));
#1383 = VECTOR('',#1384,1.);
#1384 = DIRECTION('',(-0.393992040061,0.91911385169,0.));
#1385 = PLANE('',#1386);
#1386 = AXIS2_PLACEMENT_3D('',#1387,#1388,#1389);
#1387 = CARTESIAN_POINT('',(18.477590650226,7.653668647302,0.));
#1388 = DIRECTION('',(-0.91911385169,-0.393992040061,0.));
#1389 = DIRECTION('',(-0.393992040061,0.91911385169,0.));
#1390 = ADVANCED_FACE('',(#1391),#1416,.F.);
#1391 = FACE_BOUND('',#1392,.F.);
#1392 = EDGE_LOOP('',(#1393,#1394,#1402,#1410));
#1393 = ORIENTED_EDGE('',*,*,#1341,.T.);
#1394 = ORIENTED_EDGE('',*,*,#1395,.T.);
#1395 = EDGE_CURVE('',#1334,#1396,#1398,.T.);
#1396 = VERTEX_POINT('',#1397);
#1397 = CARTESIAN_POINT('',(18.83088130366,-6.737797067844,0.4));
#1398 = LINE('',#1399,#1400);
#1399 = CARTESIAN_POINT('',(18.659855976695,-7.1979007307,0.4));
#1400 = VECTOR('',#1401,1.);
#1401 = DIRECTION('',(0.348418680249,0.937339011913,0.));
#1402 = ORIENTED_EDGE('',*,*,#1403,.F.);
#1403 = EDGE_CURVE('',#1404,#1396,#1406,.T.);
#1404 = VERTEX_POINT('',#1405);
#1405 = CARTESIAN_POINT('',(18.83088130366,-6.737797067844,0.));
#1406 = LINE('',#1407,#1408);
#1407 = CARTESIAN_POINT('',(18.83088130366,-6.737797067844,0.));
#1408 = VECTOR('',#1409,1.);
#1409 = DIRECTION('',(0.,0.,1.));
#1410 = ORIENTED_EDGE('',*,*,#1411,.F.);
#1411 = EDGE_CURVE('',#1342,#1404,#1412,.T.);
#1412 = LINE('',#1413,#1414);
#1413 = CARTESIAN_POINT('',(18.659855976695,-7.1979007307,0.));
#1414 = VECTOR('',#1415,1.);
#1415 = DIRECTION('',(0.348418680249,0.937339011913,0.));
#1416 = PLANE('',#1417);
#1417 = AXIS2_PLACEMENT_3D('',#1418,#1419,#1420);
#1418 = CARTESIAN_POINT('',(18.659855976695,-7.1979007307,0.));
#1419 = DIRECTION('',(-0.937339011913,0.348418680249,0.));
#1420 = DIRECTION('',(0.348418680249,0.937339011913,0.));
#1421 = ADVANCED_FACE('',(#1422),#1447,.F.);
#1422 = FACE_BOUND('',#1423,.F.);
#1423 = EDGE_LOOP('',(#1424,#1434,#1440,#1441));
#1424 = ORIENTED_EDGE('',*,*,#1425,.T.);
#1425 = EDGE_CURVE('',#1426,#1428,#1430,.T.);
#1426 = VERTEX_POINT('',#1427);
#1427 = CARTESIAN_POINT('',(18.659855976695,7.1979007307,0.));
#1428 = VERTEX_POINT('',#1429);
#1429 = CARTESIAN_POINT('',(18.659855976695,7.1979007307,0.4));
#1430 = LINE('',#1431,#1432);
#1431 = CARTESIAN_POINT('',(18.659855976695,7.1979007307,0.));
#1432 = VECTOR('',#1433,1.);
#1433 = DIRECTION('',(0.,0.,1.));
#1434 = ORIENTED_EDGE('',*,*,#1435,.T.);
#1435 = EDGE_CURVE('',#1428,#1366,#1436,.T.);
#1436 = LINE('',#1437,#1438);
#1437 = CARTESIAN_POINT('',(18.659855976695,7.1979007307,0.4));
#1438 = VECTOR('',#1439,1.);
#1439 = DIRECTION('',(-0.371317193952,0.928506080473,0.));
#1440 = ORIENTED_EDGE('',*,*,#1363,.F.);
#1441 = ORIENTED_EDGE('',*,*,#1442,.F.);
#1442 = EDGE_CURVE('',#1426,#1364,#1443,.T.);
#1443 = LINE('',#1444,#1445);
#1444 = CARTESIAN_POINT('',(18.659855976695,7.1979007307,0.));
#1445 = VECTOR('',#1446,1.);
#1446 = DIRECTION('',(-0.371317193952,0.928506080473,0.));
#1447 = PLANE('',#1448);
#1448 = AXIS2_PLACEMENT_3D('',#1449,#1450,#1451);
#1449 = CARTESIAN_POINT('',(18.659855976695,7.1979007307,0.));
#1450 = DIRECTION('',(-0.928506080473,-0.371317193952,0.));
#1451 = DIRECTION('',(-0.371317193952,0.928506080473,0.));
#1452 = ADVANCED_FACE('',(#1453),#1478,.F.);
#1453 = FACE_BOUND('',#1454,.F.);
#1454 = EDGE_LOOP('',(#1455,#1456,#1464,#1472));
#1455 = ORIENTED_EDGE('',*,*,#1403,.T.);
#1456 = ORIENTED_EDGE('',*,*,#1457,.T.);
#1457 = EDGE_CURVE('',#1396,#1458,#1460,.T.);
#1458 = VERTEX_POINT('',#1459);
#1459 = CARTESIAN_POINT('',(18.990563611861,-6.273634807978,0.4));
#1460 = LINE('',#1461,#1462);
#1461 = CARTESIAN_POINT('',(18.83088130366,-6.737797067844,0.4));
#1462 = VECTOR('',#1463,1.);
#1463 = DIRECTION('',(0.325310292162,0.945607325381,0.));
#1464 = ORIENTED_EDGE('',*,*,#1465,.F.);
#1465 = EDGE_CURVE('',#1466,#1458,#1468,.T.);
#1466 = VERTEX_POINT('',#1467);
#1467 = CARTESIAN_POINT('',(18.990563611861,-6.273634807978,0.));
#1468 = LINE('',#1469,#1470);
#1469 = CARTESIAN_POINT('',(18.990563611861,-6.273634807978,0.));
#1470 = VECTOR('',#1471,1.);
#1471 = DIRECTION('',(0.,0.,1.));
#1472 = ORIENTED_EDGE('',*,*,#1473,.F.);
#1473 = EDGE_CURVE('',#1404,#1466,#1474,.T.);
#1474 = LINE('',#1475,#1476);
#1475 = CARTESIAN_POINT('',(18.83088130366,-6.737797067844,0.));
#1476 = VECTOR('',#1477,1.);
#1477 = DIRECTION('',(0.325310292162,0.945607325381,0.));
#1478 = PLANE('',#1479);
#1479 = AXIS2_PLACEMENT_3D('',#1480,#1481,#1482);
#1480 = CARTESIAN_POINT('',(18.83088130366,-6.737797067844,0.));
#1481 = DIRECTION('',(-0.945607325381,0.325310292162,0.));
#1482 = DIRECTION('',(0.325310292162,0.945607325381,0.));
#1483 = ADVANCED_FACE('',(#1484),#1509,.F.);
#1484 = FACE_BOUND('',#1485,.F.);
#1485 = EDGE_LOOP('',(#1486,#1496,#1502,#1503));
#1486 = ORIENTED_EDGE('',*,*,#1487,.T.);
#1487 = EDGE_CURVE('',#1488,#1490,#1492,.T.);
#1488 = VERTEX_POINT('',#1489);
#1489 = CARTESIAN_POINT('',(18.83088130366,6.737797067844,0.));
#1490 = VERTEX_POINT('',#1491);
#1491 = CARTESIAN_POINT('',(18.83088130366,6.737797067844,0.4));
#1492 = LINE('',#1493,#1494);
#1493 = CARTESIAN_POINT('',(18.83088130366,6.737797067844,0.));
#1494 = VECTOR('',#1495,1.);
#1495 = DIRECTION('',(0.,0.,1.));
#1496 = ORIENTED_EDGE('',*,*,#1497,.T.);
#1497 = EDGE_CURVE('',#1490,#1428,#1498,.T.);
#1498 = LINE('',#1499,#1500);
#1499 = CARTESIAN_POINT('',(18.83088130366,6.737797067844,0.4));
#1500 = VECTOR('',#1501,1.);
#1501 = DIRECTION('',(-0.348418680249,0.937339011913,0.));
#1502 = ORIENTED_EDGE('',*,*,#1425,.F.);
#1503 = ORIENTED_EDGE('',*,*,#1504,.F.);
#1504 = EDGE_CURVE('',#1488,#1426,#1505,.T.);
#1505 = LINE('',#1506,#1507);
#1506 = CARTESIAN_POINT('',(18.83088130366,6.737797067844,0.));
#1507 = VECTOR('',#1508,1.);
#1508 = DIRECTION('',(-0.348418680249,0.937339011913,0.));
#1509 = PLANE('',#1510);
#1510 = AXIS2_PLACEMENT_3D('',#1511,#1512,#1513);
#1511 = CARTESIAN_POINT('',(18.83088130366,6.737797067844,0.));
#1512 = DIRECTION('',(-0.937339011913,-0.348418680249,0.));
#1513 = DIRECTION('',(-0.348418680249,0.937339011913,0.));
#1514 = ADVANCED_FACE('',(#1515),#1540,.F.);
#1515 = FACE_BOUND('',#1516,.F.);
#1516 = EDGE_LOOP('',(#1517,#1518,#1526,#1534));
#1517 = ORIENTED_EDGE('',*,*,#1465,.T.);
#1518 = ORIENTED_EDGE('',*,*,#1519,.T.);
#1519 = EDGE_CURVE('',#1458,#1520,#1522,.T.);
#1520 = VERTEX_POINT('',#1521);
#1521 = CARTESIAN_POINT('',(19.138806714644,-5.805693545089,0.4));
#1522 = LINE('',#1523,#1524);
#1523 = CARTESIAN_POINT('',(18.990563611861,-6.273634807978,0.4));
#1524 = VECTOR('',#1525,1.);
#1525 = DIRECTION('',(0.302005949319,0.953306040354,0.));
#1526 = ORIENTED_EDGE('',*,*,#1527,.F.);
#1527 = EDGE_CURVE('',#1528,#1520,#1530,.T.);
#1528 = VERTEX_POINT('',#1529);
#1529 = CARTESIAN_POINT('',(19.138806714644,-5.805693545089,0.));
#1530 = LINE('',#1531,#1532);
#1531 = CARTESIAN_POINT('',(19.138806714644,-5.805693545089,0.));
#1532 = VECTOR('',#1533,1.);
#1533 = DIRECTION('',(0.,0.,1.));
#1534 = ORIENTED_EDGE('',*,*,#1535,.F.);
#1535 = EDGE_CURVE('',#1466,#1528,#1536,.T.);
#1536 = LINE('',#1537,#1538);
#1537 = CARTESIAN_POINT('',(18.990563611861,-6.273634807978,0.));
#1538 = VECTOR('',#1539,1.);
#1539 = DIRECTION('',(0.302005949319,0.953306040354,0.));
#1540 = PLANE('',#1541);
#1541 = AXIS2_PLACEMENT_3D('',#1542,#1543,#1544);
#1542 = CARTESIAN_POINT('',(18.990563611861,-6.273634807978,0.));
#1543 = DIRECTION('',(-0.953306040354,0.302005949319,0.));
#1544 = DIRECTION('',(0.302005949319,0.953306040354,0.));
#1545 = ADVANCED_FACE('',(#1546),#1571,.F.);
#1546 = FACE_BOUND('',#1547,.F.);
#1547 = EDGE_LOOP('',(#1548,#1558,#1564,#1565));
#1548 = ORIENTED_EDGE('',*,*,#1549,.T.);
#1549 = EDGE_CURVE('',#1550,#1552,#1554,.T.);
#1550 = VERTEX_POINT('',#1551);
#1551 = CARTESIAN_POINT('',(18.990563611861,6.273634807978,0.));
#1552 = VERTEX_POINT('',#1553);
#1553 = CARTESIAN_POINT('',(18.990563611861,6.273634807978,0.4));
#1554 = LINE('',#1555,#1556);
#1555 = CARTESIAN_POINT('',(18.990563611861,6.273634807978,0.));
#1556 = VECTOR('',#1557,1.);
#1557 = DIRECTION('',(0.,0.,1.));
#1558 = ORIENTED_EDGE('',*,*,#1559,.T.);
#1559 = EDGE_CURVE('',#1552,#1490,#1560,.T.);
#1560 = LINE('',#1561,#1562);
#1561 = CARTESIAN_POINT('',(18.990563611861,6.273634807978,0.4));
#1562 = VECTOR('',#1563,1.);
#1563 = DIRECTION('',(-0.325310292162,0.945607325381,0.));
#1564 = ORIENTED_EDGE('',*,*,#1487,.F.);
#1565 = ORIENTED_EDGE('',*,*,#1566,.F.);
#1566 = EDGE_CURVE('',#1550,#1488,#1567,.T.);
#1567 = LINE('',#1568,#1569);
#1568 = CARTESIAN_POINT('',(18.990563611861,6.273634807978,0.));
#1569 = VECTOR('',#1570,1.);
#1570 = DIRECTION('',(-0.325310292162,0.945607325381,0.));
#1571 = PLANE('',#1572);
#1572 = AXIS2_PLACEMENT_3D('',#1573,#1574,#1575);
#1573 = CARTESIAN_POINT('',(18.990563611861,6.273634807978,0.));
#1574 = DIRECTION('',(-0.945607325381,-0.325310292162,0.));
#1575 = DIRECTION('',(-0.325310292162,0.945607325381,0.));
#1576 = ADVANCED_FACE('',(#1577),#1602,.F.);
#1577 = FACE_BOUND('',#1578,.F.);
#1578 = EDGE_LOOP('',(#1579,#1580,#1588,#1596));
#1579 = ORIENTED_EDGE('',*,*,#1527,.T.);
#1580 = ORIENTED_EDGE('',*,*,#1581,.T.);
#1581 = EDGE_CURVE('',#1520,#1582,#1584,.T.);
#1582 = VERTEX_POINT('',#1583);
#1583 = CARTESIAN_POINT('',(19.275521315909,-5.334255149498,0.4));
#1584 = LINE('',#1585,#1586);
#1585 = CARTESIAN_POINT('',(19.138806714644,-5.805693545089,0.4));
#1586 = VECTOR('',#1587,1.);
#1587 = DIRECTION('',(0.278519689385,0.960430519416,0.));
#1588 = ORIENTED_EDGE('',*,*,#1589,.F.);
#1589 = EDGE_CURVE('',#1590,#1582,#1592,.T.);
#1590 = VERTEX_POINT('',#1591);
#1591 = CARTESIAN_POINT('',(19.275521315909,-5.334255149498,0.));
#1592 = LINE('',#1593,#1594);
#1593 = CARTESIAN_POINT('',(19.275521315909,-5.334255149498,0.));
#1594 = VECTOR('',#1595,1.);
#1595 = DIRECTION('',(0.,0.,1.));
#1596 = ORIENTED_EDGE('',*,*,#1597,.F.);
#1597 = EDGE_CURVE('',#1528,#1590,#1598,.T.);
#1598 = LINE('',#1599,#1600);
#1599 = CARTESIAN_POINT('',(19.138806714644,-5.805693545089,0.));
#1600 = VECTOR('',#1601,1.);
#1601 = DIRECTION('',(0.278519689385,0.960430519416,0.));
#1602 = PLANE('',#1603);
#1603 = AXIS2_PLACEMENT_3D('',#1604,#1605,#1606);
#1604 = CARTESIAN_POINT('',(19.138806714644,-5.805693545089,0.));
#1605 = DIRECTION('',(-0.960430519416,0.278519689385,0.));
#1606 = DIRECTION('',(0.278519689385,0.960430519416,0.));
#1607 = ADVANCED_FACE('',(#1608),#1633,.F.);
#1608 = FACE_BOUND('',#1609,.F.);
#1609 = EDGE_LOOP('',(#1610,#1620,#1626,#1627));
#1610 = ORIENTED_EDGE('',*,*,#1611,.T.);
#1611 = EDGE_CURVE('',#1612,#1614,#1616,.T.);
#1612 = VERTEX_POINT('',#1613);
#1613 = CARTESIAN_POINT('',(19.138806714644,5.805693545089,0.));
#1614 = VERTEX_POINT('',#1615);
#1615 = CARTESIAN_POINT('',(19.138806714644,5.805693545089,0.4));
#1616 = LINE('',#1617,#1618);
#1617 = CARTESIAN_POINT('',(19.138806714644,5.805693545089,0.));
#1618 = VECTOR('',#1619,1.);
#1619 = DIRECTION('',(0.,0.,1.));
#1620 = ORIENTED_EDGE('',*,*,#1621,.T.);
#1621 = EDGE_CURVE('',#1614,#1552,#1622,.T.);
#1622 = LINE('',#1623,#1624);
#1623 = CARTESIAN_POINT('',(19.138806714644,5.805693545089,0.4));
#1624 = VECTOR('',#1625,1.);
#1625 = DIRECTION('',(-0.302005949319,0.953306040354,0.));
#1626 = ORIENTED_EDGE('',*,*,#1549,.F.);
#1627 = ORIENTED_EDGE('',*,*,#1628,.F.);
#1628 = EDGE_CURVE('',#1612,#1550,#1629,.T.);
#1629 = LINE('',#1630,#1631);
#1630 = CARTESIAN_POINT('',(19.138806714644,5.805693545089,0.));
#1631 = VECTOR('',#1632,1.);
#1632 = DIRECTION('',(-0.302005949319,0.953306040354,0.));
#1633 = PLANE('',#1634);
#1634 = AXIS2_PLACEMENT_3D('',#1635,#1636,#1637);
#1635 = CARTESIAN_POINT('',(19.138806714644,5.805693545089,0.));
#1636 = DIRECTION('',(-0.953306040354,-0.302005949319,0.));
#1637 = DIRECTION('',(-0.302005949319,0.953306040354,0.));
#1638 = ADVANCED_FACE('',(#1639),#1664,.F.);
#1639 = FACE_BOUND('',#1640,.F.);
#1640 = EDGE_LOOP('',(#1641,#1642,#1650,#1658));
#1641 = ORIENTED_EDGE('',*,*,#1589,.T.);
#1642 = ORIENTED_EDGE('',*,*,#1643,.T.);
#1643 = EDGE_CURVE('',#1582,#1644,#1646,.T.);
#1644 = VERTEX_POINT('',#1645);
#1645 = CARTESIAN_POINT('',(19.400625063891,-4.859603598065,0.4));
#1646 = LINE('',#1647,#1648);
#1647 = CARTESIAN_POINT('',(19.275521315909,-5.334255149498,0.4));
#1648 = VECTOR('',#1649,1.);
#1649 = DIRECTION('',(0.254865659605,0.966976471045,0.));
#1650 = ORIENTED_EDGE('',*,*,#1651,.F.);
#1651 = EDGE_CURVE('',#1652,#1644,#1654,.T.);
#1652 = VERTEX_POINT('',#1653);
#1653 = CARTESIAN_POINT('',(19.400625063891,-4.859603598065,0.));
#1654 = LINE('',#1655,#1656);
#1655 = CARTESIAN_POINT('',(19.400625063891,-4.859603598065,0.));
#1656 = VECTOR('',#1657,1.);
#1657 = DIRECTION('',(0.,0.,1.));
#1658 = ORIENTED_EDGE('',*,*,#1659,.F.);
#1659 = EDGE_CURVE('',#1590,#1652,#1660,.T.);
#1660 = LINE('',#1661,#1662);
#1661 = CARTESIAN_POINT('',(19.275521315909,-5.334255149498,0.));
#1662 = VECTOR('',#1663,1.);
#1663 = DIRECTION('',(0.254865659605,0.966976471045,0.));
#1664 = PLANE('',#1665);
#1665 = AXIS2_PLACEMENT_3D('',#1666,#1667,#1668);
#1666 = CARTESIAN_POINT('',(19.275521315909,-5.334255149498,0.));
#1667 = DIRECTION('',(-0.966976471045,0.254865659605,0.));
#1668 = DIRECTION('',(0.254865659605,0.966976471045,0.));
#1669 = ADVANCED_FACE('',(#1670),#1695,.F.);
#1670 = FACE_BOUND('',#1671,.F.);
#1671 = EDGE_LOOP('',(#1672,#1682,#1688,#1689));
#1672 = ORIENTED_EDGE('',*,*,#1673,.T.);
#1673 = EDGE_CURVE('',#1674,#1676,#1678,.T.);
#1674 = VERTEX_POINT('',#1675);
#1675 = CARTESIAN_POINT('',(19.275521315909,5.334255149498,0.));
#1676 = VERTEX_POINT('',#1677);
#1677 = CARTESIAN_POINT('',(19.275521315909,5.334255149498,0.4));
#1678 = LINE('',#1679,#1680);
#1679 = CARTESIAN_POINT('',(19.275521315909,5.334255149498,0.));
#1680 = VECTOR('',#1681,1.);
#1681 = DIRECTION('',(0.,0.,1.));
#1682 = ORIENTED_EDGE('',*,*,#1683,.T.);
#1683 = EDGE_CURVE('',#1676,#1614,#1684,.T.);
#1684 = LINE('',#1685,#1686);
#1685 = CARTESIAN_POINT('',(19.275521315909,5.334255149498,0.4));
#1686 = VECTOR('',#1687,1.);
#1687 = DIRECTION('',(-0.278519689385,0.960430519416,0.));
#1688 = ORIENTED_EDGE('',*,*,#1611,.F.);
#1689 = ORIENTED_EDGE('',*,*,#1690,.F.);
#1690 = EDGE_CURVE('',#1674,#1612,#1691,.T.);
#1691 = LINE('',#1692,#1693);
#1692 = CARTESIAN_POINT('',(19.275521315909,5.334255149498,0.));
#1693 = VECTOR('',#1694,1.);
#1694 = DIRECTION('',(-0.278519689385,0.960430519416,0.));
#1695 = PLANE('',#1696);
#1696 = AXIS2_PLACEMENT_3D('',#1697,#1698,#1699);
#1697 = CARTESIAN_POINT('',(19.275521315909,5.334255149498,0.));
#1698 = DIRECTION('',(-0.960430519416,-0.278519689385,0.));
#1699 = DIRECTION('',(-0.278519689385,0.960430519416,0.));
#1700 = ADVANCED_FACE('',(#1701),#1726,.F.);
#1701 = FACE_BOUND('',#1702,.F.);
#1702 = EDGE_LOOP('',(#1703,#1704,#1712,#1720));
#1703 = ORIENTED_EDGE('',*,*,#1651,.T.);
#1704 = ORIENTED_EDGE('',*,*,#1705,.T.);
#1705 = EDGE_CURVE('',#1644,#1706,#1708,.T.);
#1706 = VERTEX_POINT('',#1707);
#1707 = CARTESIAN_POINT('',(19.514042600771,-4.382024803137,0.4));
#1708 = LINE('',#1709,#1710);
#1709 = CARTESIAN_POINT('',(19.400625063891,-4.859603598065,0.4));
#1710 = VECTOR('',#1711,1.);
#1711 = DIRECTION('',(0.231058108281,0.972939952206,0.));
#1712 = ORIENTED_EDGE('',*,*,#1713,.F.);
#1713 = EDGE_CURVE('',#1714,#1706,#1716,.T.);
#1714 = VERTEX_POINT('',#1715);
#1715 = CARTESIAN_POINT('',(19.514042600771,-4.382024803137,0.));
#1716 = LINE('',#1717,#1718);
#1717 = CARTESIAN_POINT('',(19.514042600771,-4.382024803137,0.));
#1718 = VECTOR('',#1719,1.);
#1719 = DIRECTION('',(0.,0.,1.));
#1720 = ORIENTED_EDGE('',*,*,#1721,.F.);
#1721 = EDGE_CURVE('',#1652,#1714,#1722,.T.);
#1722 = LINE('',#1723,#1724);
#1723 = CARTESIAN_POINT('',(19.400625063891,-4.859603598065,0.));
#1724 = VECTOR('',#1725,1.);
#1725 = DIRECTION('',(0.231058108281,0.972939952206,0.));
#1726 = PLANE('',#1727);
#1727 = AXIS2_PLACEMENT_3D('',#1728,#1729,#1730);
#1728 = CARTESIAN_POINT('',(19.400625063891,-4.859603598065,0.));
#1729 = DIRECTION('',(-0.972939952206,0.231058108281,0.));
#1730 = DIRECTION('',(0.231058108281,0.972939952206,0.));
#1731 = ADVANCED_FACE('',(#1732),#1757,.F.);
#1732 = FACE_BOUND('',#1733,.F.);
#1733 = EDGE_LOOP('',(#1734,#1744,#1750,#1751));
#1734 = ORIENTED_EDGE('',*,*,#1735,.T.);
#1735 = EDGE_CURVE('',#1736,#1738,#1740,.T.);
#1736 = VERTEX_POINT('',#1737);
#1737 = CARTESIAN_POINT('',(19.400625063891,4.859603598065,0.));
#1738 = VERTEX_POINT('',#1739);
#1739 = CARTESIAN_POINT('',(19.400625063891,4.859603598065,0.4));
#1740 = LINE('',#1741,#1742);
#1741 = CARTESIAN_POINT('',(19.400625063891,4.859603598065,0.));
#1742 = VECTOR('',#1743,1.);
#1743 = DIRECTION('',(0.,0.,1.));
#1744 = ORIENTED_EDGE('',*,*,#1745,.T.);
#1745 = EDGE_CURVE('',#1738,#1676,#1746,.T.);
#1746 = LINE('',#1747,#1748);
#1747 = CARTESIAN_POINT('',(19.400625063891,4.859603598065,0.4));
#1748 = VECTOR('',#1749,1.);
#1749 = DIRECTION('',(-0.254865659605,0.966976471045,0.));
#1750 = ORIENTED_EDGE('',*,*,#1673,.F.);
#1751 = ORIENTED_EDGE('',*,*,#1752,.F.);
#1752 = EDGE_CURVE('',#1736,#1674,#1753,.T.);
#1753 = LINE('',#1754,#1755);
#1754 = CARTESIAN_POINT('',(19.400625063891,4.859603598065,0.));
#1755 = VECTOR('',#1756,1.);
#1756 = DIRECTION('',(-0.254865659605,0.966976471045,0.));
#1757 = PLANE('',#1758);
#1758 = AXIS2_PLACEMENT_3D('',#1759,#1760,#1761);
#1759 = CARTESIAN_POINT('',(19.400625063891,4.859603598065,0.));
#1760 = DIRECTION('',(-0.966976471045,-0.254865659605,0.));
#1761 = DIRECTION('',(-0.254865659605,0.966976471045,0.));
#1762 = ADVANCED_FACE('',(#1763),#1788,.F.);
#1763 = FACE_BOUND('',#1764,.F.);
#1764 = EDGE_LOOP('',(#1765,#1766,#1774,#1782));
#1765 = ORIENTED_EDGE('',*,*,#1713,.T.);
#1766 = ORIENTED_EDGE('',*,*,#1767,.T.);
#1767 = EDGE_CURVE('',#1706,#1768,#1770,.T.);
#1768 = VERTEX_POINT('',#1769);
#1769 = CARTESIAN_POINT('',(19.615705608065,-3.901806440323,0.4));
#1770 = LINE('',#1771,#1772);
#1771 = CARTESIAN_POINT('',(19.514042600771,-4.382024803137,0.4));
#1772 = VECTOR('',#1773,1.);
#1773 = DIRECTION('',(0.207111376192,0.97831737072,0.));
#1774 = ORIENTED_EDGE('',*,*,#1775,.F.);
#1775 = EDGE_CURVE('',#1776,#1768,#1778,.T.);
#1776 = VERTEX_POINT('',#1777);
#1777 = CARTESIAN_POINT('',(19.615705608065,-3.901806440323,0.));
#1778 = LINE('',#1779,#1780);
#1779 = CARTESIAN_POINT('',(19.615705608065,-3.901806440323,0.));
#1780 = VECTOR('',#1781,1.);
#1781 = DIRECTION('',(0.,0.,1.));
#1782 = ORIENTED_EDGE('',*,*,#1783,.F.);
#1783 = EDGE_CURVE('',#1714,#1776,#1784,.T.);
#1784 = LINE('',#1785,#1786);
#1785 = CARTESIAN_POINT('',(19.514042600771,-4.382024803137,0.));
#1786 = VECTOR('',#1787,1.);
#1787 = DIRECTION('',(0.207111376192,0.97831737072,0.));
#1788 = PLANE('',#1789);
#1789 = AXIS2_PLACEMENT_3D('',#1790,#1791,#1792);
#1790 = CARTESIAN_POINT('',(19.514042600771,-4.382024803137,0.));
#1791 = DIRECTION('',(-0.97831737072,0.207111376192,0.));
#1792 = DIRECTION('',(0.207111376192,0.97831737072,0.));
#1793 = ADVANCED_FACE('',(#1794),#1819,.F.);
#1794 = FACE_BOUND('',#1795,.F.);
#1795 = EDGE_LOOP('',(#1796,#1806,#1812,#1813));
#1796 = ORIENTED_EDGE('',*,*,#1797,.T.);
#1797 = EDGE_CURVE('',#1798,#1800,#1802,.T.);
#1798 = VERTEX_POINT('',#1799);
#1799 = CARTESIAN_POINT('',(19.514042600771,4.382024803137,0.));
#1800 = VERTEX_POINT('',#1801);
#1801 = CARTESIAN_POINT('',(19.514042600771,4.382024803137,0.4));
#1802 = LINE('',#1803,#1804);
#1803 = CARTESIAN_POINT('',(19.514042600771,4.382024803137,0.));
#1804 = VECTOR('',#1805,1.);
#1805 = DIRECTION('',(0.,0.,1.));
#1806 = ORIENTED_EDGE('',*,*,#1807,.T.);
#1807 = EDGE_CURVE('',#1800,#1738,#1808,.T.);
#1808 = LINE('',#1809,#1810);
#1809 = CARTESIAN_POINT('',(19.514042600771,4.382024803137,0.4));
#1810 = VECTOR('',#1811,1.);
#1811 = DIRECTION('',(-0.231058108281,0.972939952206,0.));
#1812 = ORIENTED_EDGE('',*,*,#1735,.F.);
#1813 = ORIENTED_EDGE('',*,*,#1814,.F.);
#1814 = EDGE_CURVE('',#1798,#1736,#1815,.T.);
#1815 = LINE('',#1816,#1817);
#1816 = CARTESIAN_POINT('',(19.514042600771,4.382024803137,0.));
#1817 = VECTOR('',#1818,1.);
#1818 = DIRECTION('',(-0.231058108281,0.972939952206,0.));
#1819 = PLANE('',#1820);
#1820 = AXIS2_PLACEMENT_3D('',#1821,#1822,#1823);
#1821 = CARTESIAN_POINT('',(19.514042600771,4.382024803137,0.));
#1822 = DIRECTION('',(-0.972939952206,-0.231058108281,0.));
#1823 = DIRECTION('',(-0.231058108281,0.972939952206,0.));
#1824 = ADVANCED_FACE('',(#1825),#1850,.F.);
#1825 = FACE_BOUND('',#1826,.F.);
#1826 = EDGE_LOOP('',(#1827,#1828,#1836,#1844));
#1827 = ORIENTED_EDGE('',*,*,#1775,.T.);
#1828 = ORIENTED_EDGE('',*,*,#1829,.T.);
#1829 = EDGE_CURVE('',#1768,#1830,#1832,.T.);
#1830 = VERTEX_POINT('',#1831);
#1831 = CARTESIAN_POINT('',(19.705552847779,-3.419237775206,0.4));
#1832 = LINE('',#1833,#1834);
#1833 = CARTESIAN_POINT('',(19.615705608065,-3.901806440323,0.4));
#1834 = VECTOR('',#1835,1.);
#1835 = DIRECTION('',(0.183039887955,0.983105487431,0.));
#1836 = ORIENTED_EDGE('',*,*,#1837,.F.);
#1837 = EDGE_CURVE('',#1838,#1830,#1840,.T.);
#1838 = VERTEX_POINT('',#1839);
#1839 = CARTESIAN_POINT('',(19.705552847779,-3.419237775206,0.));
#1840 = LINE('',#1841,#1842);
#1841 = CARTESIAN_POINT('',(19.705552847779,-3.419237775206,0.));
#1842 = VECTOR('',#1843,1.);
#1843 = DIRECTION('',(0.,0.,1.));
#1844 = ORIENTED_EDGE('',*,*,#1845,.F.);
#1845 = EDGE_CURVE('',#1776,#1838,#1846,.T.);
#1846 = LINE('',#1847,#1848);
#1847 = CARTESIAN_POINT('',(19.615705608065,-3.901806440323,0.));
#1848 = VECTOR('',#1849,1.);
#1849 = DIRECTION('',(0.183039887955,0.983105487431,0.));
#1850 = PLANE('',#1851);
#1851 = AXIS2_PLACEMENT_3D('',#1852,#1853,#1854);
#1852 = CARTESIAN_POINT('',(19.615705608065,-3.901806440323,0.));
#1853 = DIRECTION('',(-0.983105487431,0.183039887955,0.));
#1854 = DIRECTION('',(0.183039887955,0.983105487431,0.));
#1855 = ADVANCED_FACE('',(#1856),#1881,.F.);
#1856 = FACE_BOUND('',#1857,.F.);
#1857 = EDGE_LOOP('',(#1858,#1868,#1874,#1875));
#1858 = ORIENTED_EDGE('',*,*,#1859,.T.);
#1859 = EDGE_CURVE('',#1860,#1862,#1864,.T.);
#1860 = VERTEX_POINT('',#1861);
#1861 = CARTESIAN_POINT('',(19.615705608065,3.901806440323,0.));
#1862 = VERTEX_POINT('',#1863);
#1863 = CARTESIAN_POINT('',(19.615705608065,3.901806440323,0.4));
#1864 = LINE('',#1865,#1866);
#1865 = CARTESIAN_POINT('',(19.615705608065,3.901806440323,0.));
#1866 = VECTOR('',#1867,1.);
#1867 = DIRECTION('',(0.,0.,1.));
#1868 = ORIENTED_EDGE('',*,*,#1869,.T.);
#1869 = EDGE_CURVE('',#1862,#1800,#1870,.T.);
#1870 = LINE('',#1871,#1872);
#1871 = CARTESIAN_POINT('',(19.615705608065,3.901806440323,0.4));
#1872 = VECTOR('',#1873,1.);
#1873 = DIRECTION('',(-0.207111376192,0.97831737072,0.));
#1874 = ORIENTED_EDGE('',*,*,#1797,.F.);
#1875 = ORIENTED_EDGE('',*,*,#1876,.F.);
#1876 = EDGE_CURVE('',#1860,#1798,#1877,.T.);
#1877 = LINE('',#1878,#1879);
#1878 = CARTESIAN_POINT('',(19.615705608065,3.901806440323,0.));
#1879 = VECTOR('',#1880,1.);
#1880 = DIRECTION('',(-0.207111376192,0.97831737072,0.));
#1881 = PLANE('',#1882);
#1882 = AXIS2_PLACEMENT_3D('',#1883,#1884,#1885);
#1883 = CARTESIAN_POINT('',(19.615705608065,3.901806440323,0.));
#1884 = DIRECTION('',(-0.97831737072,-0.207111376192,0.));
#1885 = DIRECTION('',(-0.207111376192,0.97831737072,0.));
#1886 = ADVANCED_FACE('',(#1887),#1912,.F.);
#1887 = FACE_BOUND('',#1888,.F.);
#1888 = EDGE_LOOP('',(#1889,#1890,#1898,#1906));
#1889 = ORIENTED_EDGE('',*,*,#1837,.T.);
#1890 = ORIENTED_EDGE('',*,*,#1891,.T.);
#1891 = EDGE_CURVE('',#1830,#1892,#1894,.T.);
#1892 = VERTEX_POINT('',#1893);
#1893 = CARTESIAN_POINT('',(19.783530199296,-2.934609489107,0.4));
#1894 = LINE('',#1895,#1896);
#1895 = CARTESIAN_POINT('',(19.705552847779,-3.419237775206,0.4));
#1896 = VECTOR('',#1897,1.);
#1897 = DIRECTION('',(0.158858143334,0.987301418158,0.));
#1898 = ORIENTED_EDGE('',*,*,#1899,.F.);
#1899 = EDGE_CURVE('',#1900,#1892,#1902,.T.);
#1900 = VERTEX_POINT('',#1901);
#1901 = CARTESIAN_POINT('',(19.783530199296,-2.934609489107,0.));
#1902 = LINE('',#1903,#1904);
#1903 = CARTESIAN_POINT('',(19.783530199296,-2.934609489107,0.));
#1904 = VECTOR('',#1905,1.);
#1905 = DIRECTION('',(0.,0.,1.));
#1906 = ORIENTED_EDGE('',*,*,#1907,.F.);
#1907 = EDGE_CURVE('',#1838,#1900,#1908,.T.);
#1908 = LINE('',#1909,#1910);
#1909 = CARTESIAN_POINT('',(19.705552847779,-3.419237775206,0.));
#1910 = VECTOR('',#1911,1.);
#1911 = DIRECTION('',(0.158858143334,0.987301418158,0.));
#1912 = PLANE('',#1913);
#1913 = AXIS2_PLACEMENT_3D('',#1914,#1915,#1916);
#1914 = CARTESIAN_POINT('',(19.705552847779,-3.419237775206,0.));
#1915 = DIRECTION('',(-0.987301418158,0.158858143334,0.));
#1916 = DIRECTION('',(0.158858143334,0.987301418158,0.));
#1917 = ADVANCED_FACE('',(#1918),#1943,.F.);
#1918 = FACE_BOUND('',#1919,.F.);
#1919 = EDGE_LOOP('',(#1920,#1930,#1936,#1937));
#1920 = ORIENTED_EDGE('',*,*,#1921,.T.);
#1921 = EDGE_CURVE('',#1922,#1924,#1926,.T.);
#1922 = VERTEX_POINT('',#1923);
#1923 = CARTESIAN_POINT('',(19.705552847779,3.419237775206,0.));
#1924 = VERTEX_POINT('',#1925);
#1925 = CARTESIAN_POINT('',(19.705552847779,3.419237775206,0.4));
#1926 = LINE('',#1927,#1928);
#1927 = CARTESIAN_POINT('',(19.705552847779,3.419237775206,0.));
#1928 = VECTOR('',#1929,1.);
#1929 = DIRECTION('',(0.,0.,1.));
#1930 = ORIENTED_EDGE('',*,*,#1931,.T.);
#1931 = EDGE_CURVE('',#1924,#1862,#1932,.T.);
#1932 = LINE('',#1933,#1934);
#1933 = CARTESIAN_POINT('',(19.705552847779,3.419237775206,0.4));
#1934 = VECTOR('',#1935,1.);
#1935 = DIRECTION('',(-0.183039887955,0.983105487431,0.));
#1936 = ORIENTED_EDGE('',*,*,#1859,.F.);
#1937 = ORIENTED_EDGE('',*,*,#1938,.F.);
#1938 = EDGE_CURVE('',#1922,#1860,#1939,.T.);
#1939 = LINE('',#1940,#1941);
#1940 = CARTESIAN_POINT('',(19.705552847779,3.419237775206,0.));
#1941 = VECTOR('',#1942,1.);
#1942 = DIRECTION('',(-0.183039887955,0.983105487431,0.));
#1943 = PLANE('',#1944);
#1944 = AXIS2_PLACEMENT_3D('',#1945,#1946,#1947);
#1945 = CARTESIAN_POINT('',(19.705552847779,3.419237775206,0.));
#1946 = DIRECTION('',(-0.983105487431,-0.183039887955,0.));
#1947 = DIRECTION('',(-0.183039887955,0.983105487431,0.));
#1948 = ADVANCED_FACE('',(#1949),#1974,.F.);
#1949 = FACE_BOUND('',#1950,.F.);
#1950 = EDGE_LOOP('',(#1951,#1952,#1960,#1968));
#1951 = ORIENTED_EDGE('',*,*,#1899,.T.);
#1952 = ORIENTED_EDGE('',*,*,#1953,.T.);
#1953 = EDGE_CURVE('',#1892,#1954,#1956,.T.);
#1954 = VERTEX_POINT('',#1955);
#1955 = CARTESIAN_POINT('',(19.849590691974,-2.448213503984,0.4));
#1956 = LINE('',#1957,#1958);
#1957 = CARTESIAN_POINT('',(19.783530199296,-2.934609489107,0.4));
#1958 = VECTOR('',#1959,1.);
#1959 = DIRECTION('',(0.134580708507,0.990902635428,0.));
#1960 = ORIENTED_EDGE('',*,*,#1961,.F.);
#1961 = EDGE_CURVE('',#1962,#1954,#1964,.T.);
#1962 = VERTEX_POINT('',#1963);
#1963 = CARTESIAN_POINT('',(19.849590691974,-2.448213503984,0.));
#1964 = LINE('',#1965,#1966);
#1965 = CARTESIAN_POINT('',(19.849590691974,-2.448213503984,0.));
#1966 = VECTOR('',#1967,1.);
#1967 = DIRECTION('',(0.,0.,1.));
#1968 = ORIENTED_EDGE('',*,*,#1969,.F.);
#1969 = EDGE_CURVE('',#1900,#1962,#1970,.T.);
#1970 = LINE('',#1971,#1972);
#1971 = CARTESIAN_POINT('',(19.783530199296,-2.934609489107,0.));
#1972 = VECTOR('',#1973,1.);
#1973 = DIRECTION('',(0.134580708507,0.990902635428,0.));
#1974 = PLANE('',#1975);
#1975 = AXIS2_PLACEMENT_3D('',#1976,#1977,#1978);
#1976 = CARTESIAN_POINT('',(19.783530199296,-2.934609489107,0.));
#1977 = DIRECTION('',(-0.990902635428,0.134580708507,0.));
#1978 = DIRECTION('',(0.134580708507,0.990902635428,0.));
#1979 = ADVANCED_FACE('',(#1980),#2005,.F.);
#1980 = FACE_BOUND('',#1981,.F.);
#1981 = EDGE_LOOP('',(#1982,#1992,#1998,#1999));
#1982 = ORIENTED_EDGE('',*,*,#1983,.T.);
#1983 = EDGE_CURVE('',#1984,#1986,#1988,.T.);
#1984 = VERTEX_POINT('',#1985);
#1985 = CARTESIAN_POINT('',(19.783530199296,2.934609489107,0.));
#1986 = VERTEX_POINT('',#1987);
#1987 = CARTESIAN_POINT('',(19.783530199296,2.934609489107,0.4));
#1988 = LINE('',#1989,#1990);
#1989 = CARTESIAN_POINT('',(19.783530199296,2.934609489107,0.));
#1990 = VECTOR('',#1991,1.);
#1991 = DIRECTION('',(0.,0.,1.));
#1992 = ORIENTED_EDGE('',*,*,#1993,.T.);
#1993 = EDGE_CURVE('',#1986,#1924,#1994,.T.);
#1994 = LINE('',#1995,#1996);
#1995 = CARTESIAN_POINT('',(19.783530199296,2.934609489107,0.4));
#1996 = VECTOR('',#1997,1.);
#1997 = DIRECTION('',(-0.158858143334,0.987301418158,0.));
#1998 = ORIENTED_EDGE('',*,*,#1921,.F.);
#1999 = ORIENTED_EDGE('',*,*,#2000,.F.);
#2000 = EDGE_CURVE('',#1984,#1922,#2001,.T.);
#2001 = LINE('',#2002,#2003);
#2002 = CARTESIAN_POINT('',(19.783530199296,2.934609489107,0.));
#2003 = VECTOR('',#2004,1.);
#2004 = DIRECTION('',(-0.158858143334,0.987301418158,0.));
#2005 = PLANE('',#2006);
#2006 = AXIS2_PLACEMENT_3D('',#2007,#2008,#2009);
#2007 = CARTESIAN_POINT('',(19.783530199296,2.934609489107,0.));
#2008 = DIRECTION('',(-0.987301418158,-0.158858143334,0.));
#2009 = DIRECTION('',(-0.158858143334,0.987301418158,0.));
#2010 = ADVANCED_FACE('',(#2011),#2036,.F.);
#2011 = FACE_BOUND('',#2012,.F.);
#2012 = EDGE_LOOP('',(#2013,#2014,#2022,#2030));
#2013 = ORIENTED_EDGE('',*,*,#1961,.T.);
#2014 = ORIENTED_EDGE('',*,*,#2015,.T.);
#2015 = EDGE_CURVE('',#1954,#2016,#2018,.T.);
#2016 = VERTEX_POINT('',#2017);
#2017 = CARTESIAN_POINT('',(19.903694533444,-1.960342806591,0.4));
#2018 = LINE('',#2019,#2020);
#2019 = CARTESIAN_POINT('',(19.849590691974,-2.448213503984,0.4));
#2020 = VECTOR('',#2021,1.);
#2021 = DIRECTION('',(0.110222207294,0.993906970002,0.));
#2022 = ORIENTED_EDGE('',*,*,#2023,.F.);
#2023 = EDGE_CURVE('',#2024,#2016,#2026,.T.);
#2024 = VERTEX_POINT('',#2025);
#2025 = CARTESIAN_POINT('',(19.903694533444,-1.960342806591,0.));
#2026 = LINE('',#2027,#2028);
#2027 = CARTESIAN_POINT('',(19.903694533444,-1.960342806591,0.));
#2028 = VECTOR('',#2029,1.);
#2029 = DIRECTION('',(0.,0.,1.));
#2030 = ORIENTED_EDGE('',*,*,#2031,.F.);
#2031 = EDGE_CURVE('',#1962,#2024,#2032,.T.);
#2032 = LINE('',#2033,#2034);
#2033 = CARTESIAN_POINT('',(19.849590691974,-2.448213503984,0.));
#2034 = VECTOR('',#2035,1.);
#2035 = DIRECTION('',(0.110222207294,0.993906970002,0.));
#2036 = PLANE('',#2037);
#2037 = AXIS2_PLACEMENT_3D('',#2038,#2039,#2040);
#2038 = CARTESIAN_POINT('',(19.849590691974,-2.448213503984,0.));
#2039 = DIRECTION('',(-0.993906970002,0.110222207294,0.));
#2040 = DIRECTION('',(0.110222207294,0.993906970002,0.));
#2041 = ADVANCED_FACE('',(#2042),#2067,.F.);
#2042 = FACE_BOUND('',#2043,.F.);
#2043 = EDGE_LOOP('',(#2044,#2054,#2060,#2061));
#2044 = ORIENTED_EDGE('',*,*,#2045,.T.);
#2045 = EDGE_CURVE('',#2046,#2048,#2050,.T.);
#2046 = VERTEX_POINT('',#2047);
#2047 = CARTESIAN_POINT('',(19.849590691974,2.448213503984,0.));
#2048 = VERTEX_POINT('',#2049);
#2049 = CARTESIAN_POINT('',(19.849590691974,2.448213503984,0.4));
#2050 = LINE('',#2051,#2052);
#2051 = CARTESIAN_POINT('',(19.849590691974,2.448213503984,0.));
#2052 = VECTOR('',#2053,1.);
#2053 = DIRECTION('',(0.,0.,1.));
#2054 = ORIENTED_EDGE('',*,*,#2055,.T.);
#2055 = EDGE_CURVE('',#2048,#1986,#2056,.T.);
#2056 = LINE('',#2057,#2058);
#2057 = CARTESIAN_POINT('',(19.849590691974,2.448213503984,0.4));
#2058 = VECTOR('',#2059,1.);
#2059 = DIRECTION('',(-0.134580708507,0.990902635428,0.));
#2060 = ORIENTED_EDGE('',*,*,#1983,.F.);
#2061 = ORIENTED_EDGE('',*,*,#2062,.F.);
#2062 = EDGE_CURVE('',#2046,#1984,#2063,.T.);
#2063 = LINE('',#2064,#2065);
#2064 = CARTESIAN_POINT('',(19.849590691974,2.448213503984,0.));
#2065 = VECTOR('',#2066,1.);
#2066 = DIRECTION('',(-0.134580708507,0.990902635428,0.));
#2067 = PLANE('',#2068);
#2068 = AXIS2_PLACEMENT_3D('',#2069,#2070,#2071);
#2069 = CARTESIAN_POINT('',(19.849590691974,2.448213503984,0.));
#2070 = DIRECTION('',(-0.990902635428,-0.134580708507,0.));
#2071 = DIRECTION('',(-0.134580708507,0.990902635428,0.));
#2072 = ADVANCED_FACE('',(#2073),#2098,.F.);
#2073 = FACE_BOUND('',#2074,.F.);
#2074 = EDGE_LOOP('',(#2075,#2076,#2084,#2092));
#2075 = ORIENTED_EDGE('',*,*,#2023,.T.);
#2076 = ORIENTED_EDGE('',*,*,#2077,.T.);
#2077 = EDGE_CURVE('',#2016,#2078,#2080,.T.);
#2078 = VERTEX_POINT('',#2079);
#2079 = CARTESIAN_POINT('',(19.945809133574,-1.471291271993,0.4));
#2080 = LINE('',#2081,#2082);
#2081 = CARTESIAN_POINT('',(19.903694533444,-1.960342806591,0.4));
#2082 = VECTOR('',#2083,1.);
#2083 = DIRECTION('',(8.579731234443E-02,0.996312612183,0.));
#2084 = ORIENTED_EDGE('',*,*,#2085,.F.);
#2085 = EDGE_CURVE('',#2086,#2078,#2088,.T.);
#2086 = VERTEX_POINT('',#2087);
#2087 = CARTESIAN_POINT('',(19.945809133574,-1.471291271993,0.));
#2088 = LINE('',#2089,#2090);
#2089 = CARTESIAN_POINT('',(19.945809133574,-1.471291271993,0.));
#2090 = VECTOR('',#2091,1.);
#2091 = DIRECTION('',(0.,0.,1.));
#2092 = ORIENTED_EDGE('',*,*,#2093,.F.);
#2093 = EDGE_CURVE('',#2024,#2086,#2094,.T.);
#2094 = LINE('',#2095,#2096);
#2095 = CARTESIAN_POINT('',(19.903694533444,-1.960342806591,0.));
#2096 = VECTOR('',#2097,1.);
#2097 = DIRECTION('',(8.579731234443E-02,0.996312612183,0.));
#2098 = PLANE('',#2099);
#2099 = AXIS2_PLACEMENT_3D('',#2100,#2101,#2102);
#2100 = CARTESIAN_POINT('',(19.903694533444,-1.960342806591,0.));
#2101 = DIRECTION('',(-0.996312612183,8.579731234443E-02,0.));
#2102 = DIRECTION('',(8.579731234443E-02,0.996312612183,0.));
#2103 = ADVANCED_FACE('',(#2104),#2129,.F.);
#2104 = FACE_BOUND('',#2105,.F.);
#2105 = EDGE_LOOP('',(#2106,#2116,#2122,#2123));
#2106 = ORIENTED_EDGE('',*,*,#2107,.T.);
#2107 = EDGE_CURVE('',#2108,#2110,#2112,.T.);
#2108 = VERTEX_POINT('',#2109);
#2109 = CARTESIAN_POINT('',(19.903694533444,1.960342806591,0.));
#2110 = VERTEX_POINT('',#2111);
#2111 = CARTESIAN_POINT('',(19.903694533444,1.960342806591,0.4));
#2112 = LINE('',#2113,#2114);
#2113 = CARTESIAN_POINT('',(19.903694533444,1.960342806591,0.));
#2114 = VECTOR('',#2115,1.);
#2115 = DIRECTION('',(0.,0.,1.));
#2116 = ORIENTED_EDGE('',*,*,#2117,.T.);
#2117 = EDGE_CURVE('',#2110,#2048,#2118,.T.);
#2118 = LINE('',#2119,#2120);
#2119 = CARTESIAN_POINT('',(19.903694533444,1.960342806591,0.4));
#2120 = VECTOR('',#2121,1.);
#2121 = DIRECTION('',(-0.110222207294,0.993906970002,0.));
#2122 = ORIENTED_EDGE('',*,*,#2045,.F.);
#2123 = ORIENTED_EDGE('',*,*,#2124,.F.);
#2124 = EDGE_CURVE('',#2108,#2046,#2125,.T.);
#2125 = LINE('',#2126,#2127);
#2126 = CARTESIAN_POINT('',(19.903694533444,1.960342806591,0.));
#2127 = VECTOR('',#2128,1.);
#2128 = DIRECTION('',(-0.110222207294,0.993906970002,0.));
#2129 = PLANE('',#2130);
#2130 = AXIS2_PLACEMENT_3D('',#2131,#2132,#2133);
#2131 = CARTESIAN_POINT('',(19.903694533444,1.960342806591,0.));
#2132 = DIRECTION('',(-0.993906970002,-0.110222207294,0.));
#2133 = DIRECTION('',(-0.110222207294,0.993906970002,0.));
#2134 = ADVANCED_FACE('',(#2135),#2160,.F.);
#2135 = FACE_BOUND('',#2136,.F.);
#2136 = EDGE_LOOP('',(#2137,#2138,#2146,#2154));
#2137 = ORIENTED_EDGE('',*,*,#2085,.T.);
#2138 = ORIENTED_EDGE('',*,*,#2139,.T.);
#2139 = EDGE_CURVE('',#2078,#2140,#2142,.T.);
#2140 = VERTEX_POINT('',#2141);
#2141 = CARTESIAN_POINT('',(19.975909124103,-0.981353486548,0.4));
#2142 = LINE('',#2143,#2144);
#2143 = CARTESIAN_POINT('',(19.945809133574,-1.471291271993,0.4));
#2144 = VECTOR('',#2145,1.);
#2145 = DIRECTION('',(6.132073630221E-02,0.9981181129,0.));
#2146 = ORIENTED_EDGE('',*,*,#2147,.F.);
#2147 = EDGE_CURVE('',#2148,#2140,#2150,.T.);
#2148 = VERTEX_POINT('',#2149);
#2149 = CARTESIAN_POINT('',(19.975909124103,-0.981353486548,0.));
#2150 = LINE('',#2151,#2152);
#2151 = CARTESIAN_POINT('',(19.975909124103,-0.981353486548,0.));
#2152 = VECTOR('',#2153,1.);
#2153 = DIRECTION('',(0.,0.,1.));
#2154 = ORIENTED_EDGE('',*,*,#2155,.F.);
#2155 = EDGE_CURVE('',#2086,#2148,#2156,.T.);
#2156 = LINE('',#2157,#2158);
#2157 = CARTESIAN_POINT('',(19.945809133574,-1.471291271993,0.));
#2158 = VECTOR('',#2159,1.);
#2159 = DIRECTION('',(6.132073630221E-02,0.9981181129,0.));
#2160 = PLANE('',#2161);
#2161 = AXIS2_PLACEMENT_3D('',#2162,#2163,#2164);
#2162 = CARTESIAN_POINT('',(19.945809133574,-1.471291271993,0.));
#2163 = DIRECTION('',(-0.9981181129,6.132073630221E-02,0.));
#2164 = DIRECTION('',(6.132073630221E-02,0.9981181129,0.));
#2165 = ADVANCED_FACE('',(#2166),#2191,.F.);
#2166 = FACE_BOUND('',#2167,.F.);
#2167 = EDGE_LOOP('',(#2168,#2178,#2184,#2185));
#2168 = ORIENTED_EDGE('',*,*,#2169,.T.);
#2169 = EDGE_CURVE('',#2170,#2172,#2174,.T.);
#2170 = VERTEX_POINT('',#2171);
#2171 = CARTESIAN_POINT('',(19.945809133574,1.471291271993,0.));
#2172 = VERTEX_POINT('',#2173);
#2173 = CARTESIAN_POINT('',(19.945809133574,1.471291271993,0.4));
#2174 = LINE('',#2175,#2176);
#2175 = CARTESIAN_POINT('',(19.945809133574,1.471291271993,0.));
#2176 = VECTOR('',#2177,1.);
#2177 = DIRECTION('',(0.,0.,1.));
#2178 = ORIENTED_EDGE('',*,*,#2179,.T.);
#2179 = EDGE_CURVE('',#2172,#2110,#2180,.T.);
#2180 = LINE('',#2181,#2182);
#2181 = CARTESIAN_POINT('',(19.945809133574,1.471291271993,0.4));
#2182 = VECTOR('',#2183,1.);
#2183 = DIRECTION('',(-8.579731234443E-02,0.996312612183,0.));
#2184 = ORIENTED_EDGE('',*,*,#2107,.F.);
#2185 = ORIENTED_EDGE('',*,*,#2186,.F.);
#2186 = EDGE_CURVE('',#2170,#2108,#2187,.T.);
#2187 = LINE('',#2188,#2189);
#2188 = CARTESIAN_POINT('',(19.945809133574,1.471291271993,0.));
#2189 = VECTOR('',#2190,1.);
#2190 = DIRECTION('',(-8.579731234443E-02,0.996312612183,0.));
#2191 = PLANE('',#2192);
#2192 = AXIS2_PLACEMENT_3D('',#2193,#2194,#2195);
#2193 = CARTESIAN_POINT('',(19.945809133574,1.471291271993,0.));
#2194 = DIRECTION('',(-0.996312612183,-8.579731234443E-02,0.));
#2195 = DIRECTION('',(-8.579731234443E-02,0.996312612183,0.));
#2196 = ADVANCED_FACE('',(#2197),#2222,.F.);
#2197 = FACE_BOUND('',#2198,.F.);
#2198 = EDGE_LOOP('',(#2199,#2200,#2208,#2216));
#2199 = ORIENTED_EDGE('',*,*,#2147,.T.);
#2200 = ORIENTED_EDGE('',*,*,#2201,.T.);
#2201 = EDGE_CURVE('',#2140,#2202,#2204,.T.);
#2202 = VERTEX_POINT('',#2203);
#2203 = CARTESIAN_POINT('',(19.993976373924,-0.490824570458,0.4));
#2204 = LINE('',#2205,#2206);
#2205 = CARTESIAN_POINT('',(19.975909124103,-0.981353486548,0.4));
#2206 = VECTOR('',#2207,1.);
#2207 = DIRECTION('',(3.680722294136E-02,0.999322384588,0.));
#2208 = ORIENTED_EDGE('',*,*,#2209,.F.);
#2209 = EDGE_CURVE('',#2210,#2202,#2212,.T.);
#2210 = VERTEX_POINT('',#2211);
#2211 = CARTESIAN_POINT('',(19.993976373924,-0.490824570458,0.));
#2212 = LINE('',#2213,#2214);
#2213 = CARTESIAN_POINT('',(19.993976373924,-0.490824570458,0.));
#2214 = VECTOR('',#2215,1.);
#2215 = DIRECTION('',(0.,0.,1.));
#2216 = ORIENTED_EDGE('',*,*,#2217,.F.);
#2217 = EDGE_CURVE('',#2148,#2210,#2218,.T.);
#2218 = LINE('',#2219,#2220);
#2219 = CARTESIAN_POINT('',(19.975909124103,-0.981353486548,0.));
#2220 = VECTOR('',#2221,1.);
#2221 = DIRECTION('',(3.680722294136E-02,0.999322384588,0.));
#2222 = PLANE('',#2223);
#2223 = AXIS2_PLACEMENT_3D('',#2224,#2225,#2226);
#2224 = CARTESIAN_POINT('',(19.975909124103,-0.981353486548,0.));
#2225 = DIRECTION('',(-0.999322384588,3.680722294136E-02,0.));
#2226 = DIRECTION('',(3.680722294136E-02,0.999322384588,0.));
#2227 = ADVANCED_FACE('',(#2228),#2253,.F.);
#2228 = FACE_BOUND('',#2229,.F.);
#2229 = EDGE_LOOP('',(#2230,#2240,#2246,#2247));
#2230 = ORIENTED_EDGE('',*,*,#2231,.T.);
#2231 = EDGE_CURVE('',#2232,#2234,#2236,.T.);
#2232 = VERTEX_POINT('',#2233);
#2233 = CARTESIAN_POINT('',(19.975909124103,0.981353486548,0.));
#2234 = VERTEX_POINT('',#2235);
#2235 = CARTESIAN_POINT('',(19.975909124103,0.981353486548,0.4));
#2236 = LINE('',#2237,#2238);
#2237 = CARTESIAN_POINT('',(19.975909124103,0.981353486548,0.));
#2238 = VECTOR('',#2239,1.);
#2239 = DIRECTION('',(0.,0.,1.));
#2240 = ORIENTED_EDGE('',*,*,#2241,.T.);
#2241 = EDGE_CURVE('',#2234,#2172,#2242,.T.);
#2242 = LINE('',#2243,#2244);
#2243 = CARTESIAN_POINT('',(19.975909124103,0.981353486548,0.4));
#2244 = VECTOR('',#2245,1.);
#2245 = DIRECTION('',(-6.132073630221E-02,0.9981181129,0.));
#2246 = ORIENTED_EDGE('',*,*,#2169,.F.);
#2247 = ORIENTED_EDGE('',*,*,#2248,.F.);
#2248 = EDGE_CURVE('',#2232,#2170,#2249,.T.);
#2249 = LINE('',#2250,#2251);
#2250 = CARTESIAN_POINT('',(19.975909124103,0.981353486548,0.));
#2251 = VECTOR('',#2252,1.);
#2252 = DIRECTION('',(-6.132073630221E-02,0.9981181129,0.));
#2253 = PLANE('',#2254);
#2254 = AXIS2_PLACEMENT_3D('',#2255,#2256,#2257);
#2255 = CARTESIAN_POINT('',(19.975909124103,0.981353486548,0.));
#2256 = DIRECTION('',(-0.9981181129,-6.132073630221E-02,0.));
#2257 = DIRECTION('',(-6.132073630221E-02,0.9981181129,0.));
#2258 = ADVANCED_FACE('',(#2259),#2284,.F.);
#2259 = FACE_BOUND('',#2260,.F.);
#2260 = EDGE_LOOP('',(#2261,#2262,#2270,#2278));
#2261 = ORIENTED_EDGE('',*,*,#2209,.T.);
#2262 = ORIENTED_EDGE('',*,*,#2263,.T.);
#2263 = EDGE_CURVE('',#2202,#2264,#2266,.T.);
#2264 = VERTEX_POINT('',#2265);
#2265 = CARTESIAN_POINT('',(20.,0.,0.4));
#2266 = LINE('',#2267,#2268);
#2267 = CARTESIAN_POINT('',(19.993976373924,-0.490824570458,0.4));
#2268 = VECTOR('',#2269,1.);
#2269 = DIRECTION('',(1.227153828572E-02,0.999924701839,0.));
#2270 = ORIENTED_EDGE('',*,*,#2271,.F.);
#2271 = EDGE_CURVE('',#2272,#2264,#2274,.T.);
#2272 = VERTEX_POINT('',#2273);
#2273 = CARTESIAN_POINT('',(20.,0.,0.));
#2274 = LINE('',#2275,#2276);
#2275 = CARTESIAN_POINT('',(20.,0.,0.));
#2276 = VECTOR('',#2277,1.);
#2277 = DIRECTION('',(0.,0.,1.));
#2278 = ORIENTED_EDGE('',*,*,#2279,.F.);
#2279 = EDGE_CURVE('',#2210,#2272,#2280,.T.);
#2280 = LINE('',#2281,#2282);
#2281 = CARTESIAN_POINT('',(19.993976373924,-0.490824570458,0.));
#2282 = VECTOR('',#2283,1.);
#2283 = DIRECTION('',(1.227153828572E-02,0.999924701839,0.));
#2284 = PLANE('',#2285);
#2285 = AXIS2_PLACEMENT_3D('',#2286,#2287,#2288);
#2286 = CARTESIAN_POINT('',(19.993976373924,-0.490824570458,0.));
#2287 = DIRECTION('',(-0.999924701839,1.227153828572E-02,0.));
#2288 = DIRECTION('',(1.227153828572E-02,0.999924701839,0.));
#2289 = ADVANCED_FACE('',(#2290),#2315,.F.);
#2290 = FACE_BOUND('',#2291,.F.);
#2291 = EDGE_LOOP('',(#2292,#2302,#2308,#2309));
#2292 = ORIENTED_EDGE('',*,*,#2293,.T.);
#2293 = EDGE_CURVE('',#2294,#2296,#2298,.T.);
#2294 = VERTEX_POINT('',#2295);
#2295 = CARTESIAN_POINT('',(19.993976373924,0.490824570458,0.));
#2296 = VERTEX_POINT('',#2297);
#2297 = CARTESIAN_POINT('',(19.993976373924,0.490824570458,0.4));
#2298 = LINE('',#2299,#2300);
#2299 = CARTESIAN_POINT('',(19.993976373924,0.490824570458,0.));
#2300 = VECTOR('',#2301,1.);
#2301 = DIRECTION('',(0.,0.,1.));
#2302 = ORIENTED_EDGE('',*,*,#2303,.T.);
#2303 = EDGE_CURVE('',#2296,#2234,#2304,.T.);
#2304 = LINE('',#2305,#2306);
#2305 = CARTESIAN_POINT('',(19.993976373924,0.490824570458,0.4));
#2306 = VECTOR('',#2307,1.);
#2307 = DIRECTION('',(-3.680722294136E-02,0.999322384588,0.));
#2308 = ORIENTED_EDGE('',*,*,#2231,.F.);
#2309 = ORIENTED_EDGE('',*,*,#2310,.F.);
#2310 = EDGE_CURVE('',#2294,#2232,#2311,.T.);
#2311 = LINE('',#2312,#2313);
#2312 = CARTESIAN_POINT('',(19.993976373924,0.490824570458,0.));
#2313 = VECTOR('',#2314,1.);
#2314 = DIRECTION('',(-3.680722294136E-02,0.999322384588,0.));
#2315 = PLANE('',#2316);
#2316 = AXIS2_PLACEMENT_3D('',#2317,#2318,#2319);
#2317 = CARTESIAN_POINT('',(19.993976373924,0.490824570458,0.));
#2318 = DIRECTION('',(-0.999322384588,-3.680722294136E-02,0.));
#2319 = DIRECTION('',(-3.680722294136E-02,0.999322384588,0.));
#2320 = ADVANCED_FACE('',(#2321),#2337,.F.);
#2321 = FACE_BOUND('',#2322,.F.);
#2322 = EDGE_LOOP('',(#2323,#2324,#2330,#2331));
#2323 = ORIENTED_EDGE('',*,*,#2271,.T.);
#2324 = ORIENTED_EDGE('',*,*,#2325,.T.);
#2325 = EDGE_CURVE('',#2264,#2296,#2326,.T.);
#2326 = LINE('',#2327,#2328);
#2327 = CARTESIAN_POINT('',(20.,0.,0.4));
#2328 = VECTOR('',#2329,1.);
#2329 = DIRECTION('',(-1.227153828572E-02,0.999924701839,0.));
#2330 = ORIENTED_EDGE('',*,*,#2293,.F.);
#2331 = ORIENTED_EDGE('',*,*,#2332,.F.);
#2332 = EDGE_CURVE('',#2272,#2294,#2333,.T.);
#2333 = LINE('',#2334,#2335);
#2334 = CARTESIAN_POINT('',(20.,0.,0.));
#2335 = VECTOR('',#2336,1.);
#2336 = DIRECTION('',(-1.227153828572E-02,0.999924701839,0.));
#2337 = PLANE('',#2338);
#2338 = AXIS2_PLACEMENT_3D('',#2339,#2340,#2341);
#2339 = CARTESIAN_POINT('',(20.,0.,0.));
#2340 = DIRECTION('',(-0.999924701839,-1.227153828572E-02,0.));
#2341 = DIRECTION('',(-1.227153828572E-02,0.999924701839,0.));
#2342 = ADVANCED_FACE('',(#2343),#2370,.F.);
#2343 = FACE_BOUND('',#2344,.T.);
#2344 = EDGE_LOOP('',(#2345,#2355,#2362,#2363));
#2345 = ORIENTED_EDGE('',*,*,#2346,.T.);
#2346 = EDGE_CURVE('',#2347,#2349,#2351,.T.);
#2347 = VERTEX_POINT('',#2348);
#2348 = CARTESIAN_POINT('',(13.819765978853,0.,0.));
#2349 = VERTEX_POINT('',#2350);
#2350 = CARTESIAN_POINT('',(13.819765978853,0.,0.4));
#2351 = LINE('',#2352,#2353);
#2352 = CARTESIAN_POINT('',(13.819765978853,0.,0.));
#2353 = VECTOR('',#2354,1.);
#2354 = DIRECTION('',(0.,0.,1.));
#2355 = ORIENTED_EDGE('',*,*,#2356,.T.);
#2356 = EDGE_CURVE('',#2349,#2349,#2357,.T.);
#2357 = CIRCLE('',#2358,13.819765978853);
#2358 = AXIS2_PLACEMENT_3D('',#2359,#2360,#2361);
#2359 = CARTESIAN_POINT('',(0.,0.,0.4));
#2360 = DIRECTION('',(0.,0.,1.));
#2361 = DIRECTION('',(1.,0.,0.));
#2362 = ORIENTED_EDGE('',*,*,#2346,.F.);
#2363 = ORIENTED_EDGE('',*,*,#2364,.F.);
#2364 = EDGE_CURVE('',#2347,#2347,#2365,.T.);
#2365 = CIRCLE('',#2366,13.819765978853);
#2366 = AXIS2_PLACEMENT_3D('',#2367,#2368,#2369);
#2367 = CARTESIAN_POINT('',(0.,0.,0.));
#2368 = DIRECTION('',(0.,0.,1.));
#2369 = DIRECTION('',(1.,0.,0.));
#2370 = CYLINDRICAL_SURFACE('',#2371,13.819765978853);
#2371 = AXIS2_PLACEMENT_3D('',#2372,#2373,#2374);
#2372 = CARTESIAN_POINT('',(0.,0.,0.));
#2373 = DIRECTION('',(-0.,-0.,-1.));
#2374 = DIRECTION('',(1.,0.,0.));
#2375 = ADVANCED_FACE('',(#2376,#2453),#2456,.F.);
#2376 = FACE_BOUND('',#2377,.F.);
#2377 = EDGE_LOOP('',(#2378,#2379,#2380,#2381,#2382,#2383,#2384,#2385,
    #2386,#2387,#2388,#2389,#2390,#2391,#2392,#2393,#2394,#2395,#2396,
    #2397,#2398,#2399,#2400,#2401,#2402,#2403,#2404,#2405,#2406,#2407,
    #2408,#2409,#2410,#2411,#2412,#2413,#2414,#2415,#2416,#2417,#2418,
    #2419,#2420,#2421,#2422,#2423,#2424,#2425,#2426,#2427,#2428,#2429,
    #2430,#2431,#2432,#2433,#2434,#2435,#2436,#2437,#2438,#2439,#2440,
    #2441,#2442,#2443,#2444,#2445,#2446,#2447,#2448,#2449,#2450,#2451,
    #2452));
#2378 = ORIENTED_EDGE('',*,*,#47,.T.);
#2379 = ORIENTED_EDGE('',*,*,#109,.T.);
#2380 = ORIENTED_EDGE('',*,*,#171,.T.);
#2381 = ORIENTED_EDGE('',*,*,#233,.T.);
#2382 = ORIENTED_EDGE('',*,*,#295,.T.);
#2383 = ORIENTED_EDGE('',*,*,#357,.T.);
#2384 = ORIENTED_EDGE('',*,*,#419,.T.);
#2385 = ORIENTED_EDGE('',*,*,#481,.T.);
#2386 = ORIENTED_EDGE('',*,*,#543,.T.);
#2387 = ORIENTED_EDGE('',*,*,#605,.T.);
#2388 = ORIENTED_EDGE('',*,*,#667,.T.);
#2389 = ORIENTED_EDGE('',*,*,#729,.T.);
#2390 = ORIENTED_EDGE('',*,*,#791,.T.);
#2391 = ORIENTED_EDGE('',*,*,#853,.T.);
#2392 = ORIENTED_EDGE('',*,*,#915,.T.);
#2393 = ORIENTED_EDGE('',*,*,#977,.T.);
#2394 = ORIENTED_EDGE('',*,*,#1039,.T.);
#2395 = ORIENTED_EDGE('',*,*,#1101,.T.);
#2396 = ORIENTED_EDGE('',*,*,#1163,.T.);
#2397 = ORIENTED_EDGE('',*,*,#1225,.T.);
#2398 = ORIENTED_EDGE('',*,*,#1287,.T.);
#2399 = ORIENTED_EDGE('',*,*,#1349,.T.);
#2400 = ORIENTED_EDGE('',*,*,#1411,.T.);
#2401 = ORIENTED_EDGE('',*,*,#1473,.T.);
#2402 = ORIENTED_EDGE('',*,*,#1535,.T.);
#2403 = ORIENTED_EDGE('',*,*,#1597,.T.);
#2404 = ORIENTED_EDGE('',*,*,#1659,.T.);
#2405 = ORIENTED_EDGE('',*,*,#1721,.T.);
#2406 = ORIENTED_EDGE('',*,*,#1783,.T.);
#2407 = ORIENTED_EDGE('',*,*,#1845,.T.);
#2408 = ORIENTED_EDGE('',*,*,#1907,.T.);
#2409 = ORIENTED_EDGE('',*,*,#1969,.T.);
#2410 = ORIENTED_EDGE('',*,*,#2031,.T.);
#2411 = ORIENTED_EDGE('',*,*,#2093,.T.);
#2412 = ORIENTED_EDGE('',*,*,#2155,.T.);
#2413 = ORIENTED_EDGE('',*,*,#2217,.T.);
#2414 = ORIENTED_EDGE('',*,*,#2279,.T.);
#2415 = ORIENTED_EDGE('',*,*,#2332,.T.);
#2416 = ORIENTED_EDGE('',*,*,#2310,.T.);
#2417 = ORIENTED_EDGE('',*,*,#2248,.T.);
#2418 = ORIENTED_EDGE('',*,*,#2186,.T.);
#2419 = ORIENTED_EDGE('',*,*,#2124,.T.);
#2420 = ORIENTED_EDGE('',*,*,#2062,.T.);
#2421 = ORIENTED_EDGE('',*,*,#2000,.T.);
#2422 = ORIENTED_EDGE('',*,*,#1938,.T.);
#2423 = ORIENTED_EDGE('',*,*,#1876,.T.);
#2424 = ORIENTED_EDGE('',*,*,#1814,.T.);
#2425 = ORIENTED_EDGE('',*,*,#1752,.T.);
#2426 = ORIENTED_EDGE('',*,*,#1690,.T.);
#2427 = ORIENTED_EDGE('',*,*,#1628,.T.);
#2428 = ORIENTED_EDGE('',*,*,#1566,.T.);
#2429 = ORIENTED_EDGE('',*,*,#1504,.T.);
#2430 = ORIENTED_EDGE('',*,*,#1442,.T.);
#2431 = ORIENTED_EDGE('',*,*,#1380,.T.);
#2432 = ORIENTED_EDGE('',*,*,#1318,.T.);
#2433 = ORIENTED_EDGE('',*,*,#1256,.T.);
#2434 = ORIENTED_EDGE('',*,*,#1194,.T.);
#2435 = ORIENTED_EDGE('',*,*,#1132,.T.);
#2436 = ORIENTED_EDGE('',*,*,#1070,.T.);
#2437 = ORIENTED_EDGE('',*,*,#1008,.T.);
#2438 = ORIENTED_EDGE('',*,*,#946,.T.);
#2439 = ORIENTED_EDGE('',*,*,#884,.T.);
#2440 = ORIENTED_EDGE('',*,*,#822,.T.);
#2441 = ORIENTED_EDGE('',*,*,#760,.T.);
#2442 = ORIENTED_EDGE('',*,*,#698,.T.);
#2443 = ORIENTED_EDGE('',*,*,#636,.T.);
#2444 = ORIENTED_EDGE('',*,*,#574,.T.);
#2445 = ORIENTED_EDGE('',*,*,#512,.T.);
#2446 = ORIENTED_EDGE('',*,*,#450,.T.);
#2447 = ORIENTED_EDGE('',*,*,#388,.T.);
#2448 = ORIENTED_EDGE('',*,*,#326,.T.);
#2449 = ORIENTED_EDGE('',*,*,#264,.T.);
#2450 = ORIENTED_EDGE('',*,*,#202,.T.);
#2451 = ORIENTED_EDGE('',*,*,#140,.T.);
#2452 = ORIENTED_EDGE('',*,*,#78,.T.);
#2453 = FACE_BOUND('',#2454,.F.);
#2454 = EDGE_LOOP('',(#2455));
#2455 = ORIENTED_EDGE('',*,*,#2364,.F.);
#2456 = PLANE('',#2457);
#2457 = AXIS2_PLACEMENT_3D('',#2458,#2459,#2460);
#2458 = CARTESIAN_POINT('',(-21.86820540898,-4.66869328302E-15,0.));
#2459 = DIRECTION('',(0.,0.,1.));
#2460 = DIRECTION('',(1.,0.,0.));
#2461 = ADVANCED_FACE('',(#2462,#2539),#2542,.T.);
#2462 = FACE_BOUND('',#2463,.T.);
#2463 = EDGE_LOOP('',(#2464,#2465,#2466,#2467,#2468,#2469,#2470,#2471,
    #2472,#2473,#2474,#2475,#2476,#2477,#2478,#2479,#2480,#2481,#2482,
    #2483,#2484,#2485,#2486,#2487,#2488,#2489,#2490,#2491,#2492,#2493,
    #2494,#2495,#2496,#2497,#2498,#2499,#2500,#2501,#2502,#2503,#2504,
    #2505,#2506,#2507,#2508,#2509,#2510,#2511,#2512,#2513,#2514,#2515,
    #2516,#2517,#2518,#2519,#2520,#2521,#2522,#2523,#2524,#2525,#2526,
    #2527,#2528,#2529,#2530,#2531,#2532,#2533,#2534,#2535,#2536,#2537,
    #2538));
#2464 = ORIENTED_EDGE('',*,*,#31,.T.);
#2465 = ORIENTED_EDGE('',*,*,#93,.T.);
#2466 = ORIENTED_EDGE('',*,*,#155,.T.);
#2467 = ORIENTED_EDGE('',*,*,#217,.T.);
#2468 = ORIENTED_EDGE('',*,*,#279,.T.);
#2469 = ORIENTED_EDGE('',*,*,#341,.T.);
#2470 = ORIENTED_EDGE('',*,*,#403,.T.);
#2471 = ORIENTED_EDGE('',*,*,#465,.T.);
#2472 = ORIENTED_EDGE('',*,*,#527,.T.);
#2473 = ORIENTED_EDGE('',*,*,#589,.T.);
#2474 = ORIENTED_EDGE('',*,*,#651,.T.);
#2475 = ORIENTED_EDGE('',*,*,#713,.T.);
#2476 = ORIENTED_EDGE('',*,*,#775,.T.);
#2477 = ORIENTED_EDGE('',*,*,#837,.T.);
#2478 = ORIENTED_EDGE('',*,*,#899,.T.);
#2479 = ORIENTED_EDGE('',*,*,#961,.T.);
#2480 = ORIENTED_EDGE('',*,*,#1023,.T.);
#2481 = ORIENTED_EDGE('',*,*,#1085,.T.);
#2482 = ORIENTED_EDGE('',*,*,#1147,.T.);
#2483 = ORIENTED_EDGE('',*,*,#1209,.T.);
#2484 = ORIENTED_EDGE('',*,*,#1271,.T.);
#2485 = ORIENTED_EDGE('',*,*,#1333,.T.);
#2486 = ORIENTED_EDGE('',*,*,#1395,.T.);
#2487 = ORIENTED_EDGE('',*,*,#1457,.T.);
#2488 = ORIENTED_EDGE('',*,*,#1519,.T.);
#2489 = ORIENTED_EDGE('',*,*,#1581,.T.);
#2490 = ORIENTED_EDGE('',*,*,#1643,.T.);
#2491 = ORIENTED_EDGE('',*,*,#1705,.T.);
#2492 = ORIENTED_EDGE('',*,*,#1767,.T.);
#2493 = ORIENTED_EDGE('',*,*,#1829,.T.);
#2494 = ORIENTED_EDGE('',*,*,#1891,.T.);
#2495 = ORIENTED_EDGE('',*,*,#1953,.T.);
#2496 = ORIENTED_EDGE('',*,*,#2015,.T.);
#2497 = ORIENTED_EDGE('',*,*,#2077,.T.);
#2498 = ORIENTED_EDGE('',*,*,#2139,.T.);
#2499 = ORIENTED_EDGE('',*,*,#2201,.T.);
#2500 = ORIENTED_EDGE('',*,*,#2263,.T.);
#2501 = ORIENTED_EDGE('',*,*,#2325,.T.);
#2502 = ORIENTED_EDGE('',*,*,#2303,.T.);
#2503 = ORIENTED_EDGE('',*,*,#2241,.T.);
#2504 = ORIENTED_EDGE('',*,*,#2179,.T.);
#2505 = ORIENTED_EDGE('',*,*,#2117,.T.);
#2506 = ORIENTED_EDGE('',*,*,#2055,.T.);
#2507 = ORIENTED_EDGE('',*,*,#1993,.T.);
#2508 = ORIENTED_EDGE('',*,*,#1931,.T.);
#2509 = ORIENTED_EDGE('',*,*,#1869,.T.);
#2510 = ORIENTED_EDGE('',*,*,#1807,.T.);
#2511 = ORIENTED_EDGE('',*,*,#1745,.T.);
#2512 = ORIENTED_EDGE('',*,*,#1683,.T.);
#2513 = ORIENTED_EDGE('',*,*,#1621,.T.);
#2514 = ORIENTED_EDGE('',*,*,#1559,.T.);
#2515 = ORIENTED_EDGE('',*,*,#1497,.T.);
#2516 = ORIENTED_EDGE('',*,*,#1435,.T.);
#2517 = ORIENTED_EDGE('',*,*,#1373,.T.);
#2518 = ORIENTED_EDGE('',*,*,#1311,.T.);
#2519 = ORIENTED_EDGE('',*,*,#1249,.T.);
#2520 = ORIENTED_EDGE('',*,*,#1187,.T.);
#2521 = ORIENTED_EDGE('',*,*,#1125,.T.);
#2522 = ORIENTED_EDGE('',*,*,#1063,.T.);
#2523 = ORIENTED_EDGE('',*,*,#1001,.T.);
#2524 = ORIENTED_EDGE('',*,*,#939,.T.);
#2525 = ORIENTED_EDGE('',*,*,#877,.T.);
#2526 = ORIENTED_EDGE('',*,*,#815,.T.);
#2527 = ORIENTED_EDGE('',*,*,#753,.T.);
#2528 = ORIENTED_EDGE('',*,*,#691,.T.);
#2529 = ORIENTED_EDGE('',*,*,#629,.T.);
#2530 = ORIENTED_EDGE('',*,*,#567,.T.);
#2531 = ORIENTED_EDGE('',*,*,#505,.T.);
#2532 = ORIENTED_EDGE('',*,*,#443,.T.);
#2533 = ORIENTED_EDGE('',*,*,#381,.T.);
#2534 = ORIENTED_EDGE('',*,*,#319,.T.);
#2535 = ORIENTED_EDGE('',*,*,#257,.T.);
#2536 = ORIENTED_EDGE('',*,*,#195,.T.);
#2537 = ORIENTED_EDGE('',*,*,#133,.T.);
#2538 = ORIENTED_EDGE('',*,*,#71,.T.);
#2539 = FACE_BOUND('',#2540,.T.);
#2540 = EDGE_LOOP('',(#2541));
#2541 = ORIENTED_EDGE('',*,*,#2356,.F.);
#2542 = PLANE('',#2543);
#2543 = AXIS2_PLACEMENT_3D('',#2544,#2545,#2546);
#2544 = CARTESIAN_POINT('',(-21.86820540898,-4.66869328302E-15,0.4));
#2545 = DIRECTION('',(0.,0.,1.));
#2546 = DIRECTION('',(1.,0.,0.));
#2547 = ( GEOMETRIC_REPRESENTATION_CONTEXT(3) 
GLOBAL_UNCERTAINTY_ASSIGNED_CONTEXT((#2551)) 
GLOBAL_UNIT_ASSIGNED_CONTEXT((#2548,#2549,#2550)) REPRESENTATION_CONTEXT
('Context #1','3D Context with UNIT and UNCERTAINTY') );
#2548 = ( LENGTH_UNIT() NAMED_UNIT(*) SI_UNIT(.MILLI.,.METRE.) );
#2549 = ( NAMED_UNIT(*) PLANE_ANGLE_UNIT() SI_UNIT($,.RADIAN.) );
#2550 = ( NAMED_UNIT(*) SI_UNIT($,.STERADIAN.) SOLID_ANGLE_UNIT() );
#2551 = UNCERTAINTY_MEASURE_WITH_UNIT(LENGTH_MEASURE(1.E-07),#2548,
  'distance_accuracy_value','confusion accuracy');
#2552 = PRODUCT_RELATED_PRODUCT_CATEGORY('part',$,(#7));
ENDSEC;
END-ISO-10303-21;
